Employee,Rest Size,Month,Request
15139,7,36,1
15086,7,36,1
15314,7,73,1
3486,7,92,1
12230,2,76,1
12617,1,73,1
12606,2,55,1
11833,6,76,1
11835,4,52,1
3563,5,78,1
12522,3,78,1
12567,5,42,1
11844,3,78,1
12219,6,36,1
3474,10,73,1
12565,4,42,1
12210,9,55,1
12819,6,36,1
15112,9,39,1
12292,2,73,1
3517,7,49,1
12280,7,36,1
12297,4,73,1
3511,7,73,1
12770,6,52,1
3506,2,84,1
3475,7,52,1
12510,5,44,1
15092,5,36,1
15087,1,65,1
12644,6,55,1
12643,5,57,1
12342,0,84,1
3558,6,44,1
15304,2,55,1
4795,8,78,1
12399,6,120,1
4799,5,49,1
4898,8,73,1
15002,7,57,1
12545,8,76,1
3620,2,81,1
3435,9,68,1
12104,5,39,1
12559,10,44,1
15173,8,65,1
12168,2,78,1
3450,6,84,1
3471,1,71,1
4933,6,73,1
3606,3,78,1
12201,7,68,1
12389,7,55,1
12528,6,68,1
12198,6,39,1
3453,6,72,1
12138,6,39,1
12531,2,73,1
47291,4,55,1
3525,4,78,1
3632,6,81,1
12421,3,52,1
12745,5,76,1
12736,9,65,1
12762,7,42,1
47709,0,68,1
3638,8,107,1
12546,8,73,1
3540,6,39,1
15199,7,39,1
3543,6,36,1
3625,8,63,1
15212,6,36,1
15217,7,49,1
3574,3,39,1
12349,9,73,1
12619,4,84,1
3580,8,78,1
15085,6,39,1
12393,0,73,1
12137,8,55,1
12249,8,44,1
12126,6,42,1
12112,5,36,1
15179,7,36,1
3499,8,36,1
12111,7,55,1
12155,6,81,1
12915,1,73,1
12257,1,73,1
13546,3,55,1
12293,0,73,1
12174,6,23,0
13541,2,36,1
12248,6,36,1
12246,7,63,1
3490,3,52,1
12245,8,84,1
15014,6,44,1
12215,0,18,0
11830,6,42,1
12129,1,73,1
3522,8,63,1
12278,8,36,1
12273,6,78,1
12766,4,55,1
12136,0,81,1
3427,6,36,1
12264,2,73,1
12135,5,73,1
12140,8,57,1
12141,6,73,1
3500,6,78,1
12130,6,57,1
12383,1,71,1
11838,9,55,1
12385,1,73,1
15215,7,36,1
12382,8,55,1
15028,8,73,1
15005,10,78,1
12379,4,73,1
12199,10,68,1
12560,5,36,1
15229,5,36,1
12412,6,36,1
12410,6,57,1
12139,7,36,1
12408,7,42,1
12395,3,73,1
12400,5,55,1
12397,0,55,1
12149,7,36,1
12316,5,36,1
12259,8,42,1
12335,7,36,1
12260,7,39,1
12654,6,36,1
12331,8,57,1
15060,6,39,1
12317,5,36,1
11668,1,73,1
12336,4,36,1
15061,7,36,1
12704,1,76,1
12310,3,55,1
15194,7,57,1
12272,4,42,1
12301,6,55,1
12277,9,73,1
12295,3,73,1
12359,5,42,1
15050,1,73,1
12376,3,36,1
12597,6,36,1
15052,6,44,1
15053,1,73,1
12362,1,73,1
12361,5,73,1
11826,4,63,1
12377,7,55,1
12624,6,39,1
10282,1,73,1
12347,6,39,1
12346,6,39,1
12634,5,81,1
10508,3,78,1
12343,6,36,1
3611,7,42,1
15123,7,36,1
15149,10,76,1
15226,2,55,1
12513,6,39,1
12501,5,57,1
15089,6,36,1
15096,1,49,1
3583,5,42,1
15098,5,36,1
3533,5,42,1
15113,6,42,1
12443,8,55,1
15083,2,71,1
15111,8,57,1
15225,5,36,1
3584,6,36,1
12515,6,36,1
12418,4,76,1
15142,5,63,1
15163,3,73,1
12415,10,68,1
15141,3,73,1
11805,4,57,1
12305,4,81,1
11804,7,65,1
85149,6,36,1
85160,9,68,1
11560,0,55,1
11571,5,55,1
11557,0,73,1
11552,1,92,1
11810,3,73,1
11548,7,39,1
15103,8,78,1
11564,7,55,1
11803,1,73,1
15143,1,73,1
11511,8,36,1
12302,8,81,1
12463,4,55,1
11573,7,39,1
85159,7,36,1
11801,0,73,1
11579,5,36,1
11800,1,39,1
11580,8,36,1
11791,8,73,1
12924,5,39,1
11816,4,73,1
11518,6,36,1
11521,9,73,1
11822,7,57,1
12917,5,36,1
12473,6,73,1
11824,4,71,1
11523,6,28,0
12672,4,55,1
11817,8,65,1
11524,7,39,1
15122,8,36,1
12471,5,36,1
11526,6,36,1
15315,4,65,1
12922,5,78,1
11528,8,55,1
11517,4,55,1
15124,2,73,1
15313,8,76,1
11591,7,36,1
12497,0,73,1
11531,0,81,1
11815,2,73,1
11813,4,76,1
11533,10,73,1
11812,6,57,1
11546,5,36,1
15127,6,36,1
11636,2,55,1
12844,7,55,1
12467,5,36,1
11651,6,36,1
11709,6,42,1
11640,4,57,1
11715,6,1033,0
11639,3,71,1
11716,7,81,1
3501,2,99,1
11719,6,39,1
12840,6,39,1
15195,4,73,1
11634,6,36,1
11633,6,39,1
11722,3,73,1
11725,1,73,1
11707,6,39,1
11691,5,55,1
12908,7,73,1
11685,9,76,1
15186,9,57,1
12906,4,73,1
15187,7,81,1
11703,6,39,1
11673,7,36,1
15219,4,55,1
11671,6,36,1
12909,7,36,1
12850,3,65,1
11669,7,73,1
15323,4,57,1
15185,7,52,1
15190,8,78,1
11745,6,39,1
12508,8,76,1
15325,6,36,1
11606,9,73,1
11731,1,81,1
11602,3,73,1
11600,10,68,1
11737,0,39,1
11742,1,57,1
11609,8,55,1
11756,10,76,1
11592,5,36,1
11760,6,36,1
12493,0,73,1
11585,3,73,1
15183,3,55,1
11583,6,63,1
11582,7,81,1
11730,1,73,1
11729,1,73,1
15165,8,36,1
11614,1,52,1
11728,5,39,1
12910,6,55,1
11727,7,55,1
15324,6,36,1
15218,7,39,1
12504,4,73,1
11621,8,55,1
12466,6,36,1
11626,7,39,1
12503,9,81,1
12779,8,36,1
12589,6,36,1
12442,8,36,1
12564,5,36,1
15344,4,55,1
12447,0,55,1
15211,7,52,1
11883,7,39,1
5020,3,81,1
12577,6,55,1
12584,5,42,1
12586,1,73,1
15209,3,42,1
3586,4,63,1
15208,8,73,1
12587,2,55,1
15349,3,81,1
15206,7,76,1
12591,5,36,1
15205,6,36,1
12596,5,36,1
11882,4,57,1
85006,10,73,1
11876,5,55,1
11875,9,76,1
12185,2,76,1
11872,7,57,1
11871,7,55,1
11869,9,73,1
85142,6,36,1
12203,0,81,1
12487,4,52,1
3642,7,49,1
15227,2,57,1
15213,3,73,1
12131,6,36,1
3645,6,36,1
12541,8,63,1
3738,8,65,1
12409,9,55,1
15230,3,73,1
12143,3,73,1
12494,8,73,1
15172,5,36,1
12404,4,47,1
3629,7,36,1
12935,5,52,1
12428,0,86,1
12398,8,39,1
12495,5,57,1
15301,3,49,1
12532,5,49,1
12153,6,42,1
12430,6,57,1
12434,3,34,0
11888,8,36,1
15353,0,76,1
15350,4,42,1
12164,3,55,1
11887,7,73,1
15333,7,36,1
11852,9,73,1
12450,6,36,1
11855,7,49,1
12206,6,57,1
11862,6,78,1
12629,5,36,1
10394,8,78,1
11861,7,55,1
15166,10,73,1
85143,6,39,1
11848,8,73,1
11858,6,39,1
12216,4,84,1
12631,7,86,1
85196,8,55,1
86197,5,55,1
15168,2,76,1
12512,7,36,1
12456,7,55,1
12356,8,73,1
12226,1,73,1
12223,4,73,1
85193,11,47,1
11866,1,39,1
12641,0,81,1
12459,1,31,0
15338,4,57,1
85203,4,73,1
11850,8,36,1
12458,5,36,1
12222,8,42,1
12481,3,65,1
11863,3,68,1
87721,6,39,1
87747,0,23,0
95194,1,44,1
87706,7,52,1
87709,1,73,1
85417,3,57,1
85433,0,73,1
86456,6,42,1
87707,4,55,1
86416,8,55,1
85418,6,57,1
87711,10,78,1
87718,10,55,1
87717,4,76,1
98700,6,39,1
95434,5,36,1
87834,5,36,1
97451,1,76,1
86470,6,47,1
87819,3,73,1
85410,3,57,1
87818,4,55,1
87817,7,42,1
87806,9,73,1
95438,1,76,1
87795,4,81,1
95431,2,81,1
87787,2,68,1
85373,3,55,1
95426,4,73,1
87737,6,36,1
85372,1,57,1
87785,1,76,1
87774,1,73,1
85371,8,39,1
86460,0,86,1
97270,7,49,1
87765,4,71,1
87752,7,39,1
96834,1,73,1
95425,1,71,1
87745,10,73,1
87740,7,78,1
87738,4,55,1
95188,1,68,1
86766,4,36,1
87025,3,73,1
85634,6,36,1
87004,7,39,1
87002,7,39,1
86989,5,42,1
86782,5,36,1
85617,6,36,1
85317,9,73,1
86988,2,73,1
86968,5,34,0
86942,4,57,1
86785,1,73,1
95997,1,55,1
85305,6,36,1
97832,4,49,1
86929,6,55,1
95189,7,44,1
86927,6,55,1
85584,3,73,1
86926,6,39,1
86787,0,73,1
86850,6,84,1
86791,5,36,1
86848,4,65,1
86830,5,36,1
85589,2,63,1
86828,7,57,1
97468,5,36,1
86825,6,36,1
87452,5,39,1
95191,6,36,1
85435,8,73,1
95861,5,36,1
85346,3,76,1
85345,6,55,1
86826,6,36,1
86574,1,42,1
85327,6,36,1
87691,6,63,1
87655,3,55,1
85439,3,44,1
87620,7,55,1
87609,6,55,1
85558,6,39,1
86628,7,36,1
97268,7,36,1
87451,4,57,1
87303,8,52,1
98286,4,73,1
87301,7,39,1
87298,9,73,1
87255,5,57,1
95103,8,34,0
87161,7,57,1
87086,10,73,1
87038,2,65,1
86662,6,39,1
87029,5,76,1
85560,7,52,1
87026,8,92,1
94334,2,73,1
96617,6,36,1
94357,6,36,1
94356,6,36,1
93271,7,42,1
93282,4,36,1
94354,6,52,1
99848,7,55,1
96606,8,55,1
93250,2,49,1
96596,7,36,1
95746,7,42,1
96595,5,39,1
95784,6,36,1
96387,8,55,1
96581,5,76,1
93442,1,68,1
96512,5,39,1
95019,1,57,1
92525,1,73,1
96657,1,73,1
96656,11,39,1
92539,6,73,1
97260,1,73,1
92698,5,84,1
92719,8,91,1
85157,6,36,1
93457,7,36,1
96406,6,34,0
94948,4,76,1
94978,8,55,1
93026,5,36,1
96618,6,36,1
93173,8,36,1
95315,6,71,1
93940,1,39,1
93900,7,39,1
94897,1,73,1
94152,0,55,1
97893,7,42,1
96470,6,73,1
94899,2,55,1
93911,7,52,1
94148,6,39,1
94884,7,55,1
94032,1,49,1
96055,7,36,1
94141,11,57,1
97901,8,39,1
96469,7,55,1
94117,0,47,1
96126,1,21,0
93679,6,55,1
93499,5,36,1
93615,8,36,1
93622,9,55,1
93625,6,36,1
96502,1,68,1
94900,10,63,1
97448,2,65,1
93630,6,36,1
87885,0,84,1
93891,6,60,1
93898,6,55,1
96153,6,39,1
97607,6,39,1
97728,7,44,1
95752,4,57,1
94766,1,76,1
88030,8,39,1
87896,6,39,1
91429,7,81,1
91427,5,39,1
89129,5,44,1
91364,6,36,1
91345,5,36,1
88502,4,73,1
88299,8,55,1
91175,3,73,1
89433,4,73,1
88295,7,52,1
90673,1,73,1
96403,7,76,1
87902,7,39,1
99581,1,55,1
91567,4,39,1
88057,7,36,1
90582,8,36,1
88094,8,36,1
95020,8,63,1
90513,3,55,1
87835,7,36,1
95021,6,55,1
88281,6,39,1
89620,7,36,1
96364,0,39,1
94901,0,39,1
90389,3,73,1
97259,5,49,1
89627,0,81,1
87894,0,73,1
88846,2,65,1
96720,1,49,1
92480,6,36,1
92477,1,39,1
96404,7,73,1
92195,4,60,1
88819,6,39,1
92184,5,18,0
88875,4,57,1
88792,4,63,1
88879,6,36,1
88789,6,57,1
92183,6,36,1
92181,7,36,1
87895,6,39,1
92177,6,36,1
91572,7,36,1
91573,0,86,1
91708,8,55,1
91833,6,39,1
91836,5,39,1
91837,2,73,1
11595,2,65,1
91871,7,36,1
91874,0,55,1
88898,4,73,1
91881,7,42,1
92158,4,76,1
92165,3,49,1
92180,8,36,1
12375,6,57,1
101654,7,36,1
97753,3,47,1
100757,7,47,1
97378,6,49,1
99655,4,65,1
95783,4,55,1
99486,1,55,1
13527,4,76,1
12483,8,76,1
100760,0,55,1
85204,7,57,1
12369,4,36,1
101448,0,44,1
12496,6,84,1
102063,9,73,1
95755,6,36,1
12179,8,52,1
101833,4,36,1
102194,4,47,1
99653,4,39,1
97752,4,55,1
101421,5,55,1
101426,7,39,1
97446,0,57,1
12147,9,76,1
97457,0,26,0
98255,11,73,1
13825,6,55,1
100755,5,39,1
12535,3,42,1
102204,0,57,1
15216,0,71,1
97239,0,39,1
33717,2,36,1
101442,1,73,1
13602,7,55,1
95535,3,73,1
101314,6,36,1
12491,7,57,1
12539,7,68,1
97377,8,36,1
101443,6,39,1
12435,6,57,1
101653,5,39,1
97177,1,73,1
12394,7,36,1
97557,10,39,1
101103,4,39,1
12396,0,65,1
98614,5,42,1
100756,5,42,1
98973,0,47,1
97467,5,63,1
12484,7,57,1
97157,5,36,1
101652,6,36,1
12556,8,55,1
100784,2,36,1
85352,6,57,1
101311,1,55,1
101911,6,39,1
97784,10,55,1
12328,5,36,1
96250,6,39,1
98476,7,36,1
101647,7,55,1
15176,9,73,1
101938,3,47,1
98896,5,36,1
12332,5,36,1
12461,5,36,1
101942,7,39,1
15175,7,36,1
95318,5,39,1
100825,5,39,1
97240,5,44,1
101650,6,36,1
85192,1,73,1
100767,4,57,1
12475,0,73,1
100913,0,73,1
98676,7,36,1
97787,1,36,1
101981,0,60,1
12269,7,39,1
101979,3,55,1
12464,7,36,1
97553,4,36,1
12258,6,36,1
98314,7,39,1
12300,4,55,1
101978,9,36,1
95814,4,73,1
100783,6,55,1
12307,7,42,1
99599,0,57,1
101977,3,47,1
12309,8,55,1
95786,8,55,1
12312,1,76,1
97785,4,55,1
97791,6,55,1
101974,3,73,1
97762,7,36,1
85195,7,68,1
101526,7,36,1
96357,7,39,1
15341,6,36,1
12482,4,55,1
99654,0,73,1
100775,8,68,1
13512,5,60,1
12364,0,36,1
98757,6,39,1
99657,5,36,1
99618,1,28,0
101910,7,36,1
99455,4,57,1
98571,7,23,0
12365,4,78,1
97759,6,39,1
101439,1,39,1
101109,7,36,1
13526,7,39,1
100816,2,39,1
96276,6,36,1
13420,6,44,1
12478,4,73,1
15326,7,44,1
97186,5,36,1
100762,6,57,1
85194,8,73,1
95744,5,39,1
101643,2,55,1
98929,11,36,1
101909,7,36,1
15204,4,73,1
99658,4,73,1
99452,0,55,1
97447,6,36,1
13477,8,63,1
13504,7,36,1
12480,4,57,1
97552,0,65,1
97250,4,57,1
96620,5,39,1
15074,9,73,1
99428,3,73,1
100980,1,55,1
93251,6,36,1
100073,6,55,1
93187,7,36,1
100076,6,39,1
93149,3,39,1
92953,3,81,1
93284,5,39,1
99188,5,39,1
100159,6,36,1
92887,3,60,1
96622,2,76,1
92884,3,65,1
99178,6,36,1
100213,4,55,1
96630,0,73,1
99165,2,60,1
93451,3,44,1
99977,2,36,1
97856,8,36,1
98786,7,71,1
98195,7,55,1
102740,6,39,1
93621,6,39,1
93614,5,55,1
99978,8,57,1
99979,2,73,1
100300,4,55,1
93405,1,39,1
100033,8,57,1
93401,6,120,1
100035,6,73,1
93332,6,36,1
100036,5,36,1
93305,3,55,1
100053,8,36,1
100361,6,44,1
100354,0,63,1
96776,6,44,1
104239,9,60,1
99094,7,39,1
98105,6,36,1
104304,3,76,1
90503,4,81,1
98080,5,60,1
90469,7,36,1
90538,4,42,1
96801,7,42,1
89549,6,57,1
100377,5,36,1
99093,9,55,1
88282,6,36,1
99473,2,55,1
11660,3,63,1
96054,1,42,1
96804,6,57,1
3603,4,52,1
104126,0,76,1
92553,1,42,1
92536,11,18,0
100311,4,73,1
100335,5,42,1
92524,4,55,1
92476,0,71,1
100339,6,36,1
99674,9,63,1
93629,7,31,0
90769,5,36,1
100340,2,84,1
95427,5,36,1
99095,1,63,1
15078,8,60,1
96745,8,73,1
90628,4,73,1
100344,4,36,1
5017,7,60,1
96463,5,42,1
99779,8,36,1
94360,3,73,1
94433,1,60,1
99740,4,36,1
94470,6,49,1
94498,4,84,1
103165,6,36,1
94514,6,57,1
94359,6,55,1
99730,1,39,1
99928,0,31,0
94153,6,39,1
96464,8,36,1
99930,6,39,1
5721,4,68,1
103145,3,39,1
103054,7,42,1
98119,2,42,1
94191,4,39,1
99559,3,55,1
3803,8,73,1
99414,4,73,1
103531,7,44,1
97948,7,36,1
103592,1,63,1
98116,3,57,1
103630,1,49,1
103432,7,39,1
102998,7,36,1
4905,8,55,1
94337,1,73,1
99923,4,71,1
97945,8,55,1
98118,5,36,1
4921,8,42,1
99365,6,57,1
3773,7,78,1
93903,8,36,1
102837,3,55,1
99704,7,39,1
5952,7,42,1
99686,2,55,1
98192,10,42,1
94736,7,36,1
102832,1,65,1
5967,7,49,1
102812,6,44,1
5946,4,68,1
5985,5,55,1
98193,7,60,1
99569,4,36,1
5995,3,73,1
99949,8,55,1
102747,8,36,1
6027,8,68,1
96337,9,57,1
97265,4,57,1
5904,7,73,1
97919,3,57,1
94150,1,73,1
5901,6,36,1
97917,6,36,1
5903,1,49,1
102897,0,55,1
99706,7,52,1
98120,4,57,1
102858,4,55,1
3404,7,60,1
5916,6,36,1
5937,3,55,1
98190,0,55,1
97902,3,55,1
5945,4,63,1
102848,2,73,1
94045,6,36,1
99943,4,36,1
100626,9,36,1
15145,9,73,1
85436,7,36,1
100746,6,36,1
97792,7,36,1
85434,7,42,1
97154,7,55,1
15030,6,34,0
100632,6,55,1
86439,3,60,1
99086,2,60,1
97097,7,36,1
100628,9,52,1
86440,6,63,1
100967,3,36,1
97252,6,44,1
15152,7,36,1
100963,4,73,1
15121,6,42,1
94947,7,36,1
11839,7,60,1
101019,6,36,1
3432,8,78,1
96236,7,36,1
104305,3,57,1
14196,6,39,1
96243,6,36,1
14135,9,65,1
100714,3,65,1
97152,0,44,1
99023,4,55,1
85586,6,39,1
100680,4,57,1
100682,4,71,1
100672,8,73,1
85588,8,73,1
102383,2,39,1
11873,2,73,1
98246,6,36,1
97111,4,57,1
85583,8,63,1
100688,0,36,1
97831,4,65,1
100525,9,65,1
102206,6,39,1
11878,6,42,1
85590,7,36,1
97795,3,76,1
97099,8,68,1
85591,7,57,1
100666,6,39,1
97153,7,36,1
99085,4,39,1
85635,6,57,1
99022,5,36,1
97262,0,73,1
98104,9,65,1
99091,4,36,1
98758,10,55,1
3431,2,68,1
101090,8,73,1
13837,1,57,1
99474,8,36,1
97300,8,55,1
86517,7,36,1
13853,1,31,0
100976,1,73,1
100748,5,39,1
86514,5,39,1
85396,8,55,1
11831,10,68,1
101051,9,81,1
13833,0,52,1
99092,6,36,1
99673,4,57,1
100542,3,57,1
87874,1,73,1
95032,6,55,1
102697,1,55,1
11708,6,55,1
102520,1,73,1
99422,5,26,0
96806,5,36,1
11788,6,36,1
102483,8,52,1
86661,7,47,1
100583,5,39,1
86530,11,57,1
100586,4,55,1
96968,3,36,1
86480,6,49,1
101021,1,47,1
98211,7,52,1
101014,4,36,1
101039,1,71,1
101040,0,55,1
15055,6,36,1
100600,7,39,1
13895,7,57,1
97278,3,55,1
86484,7,42,1
13889,8,52,1
99659,6,36,1
104511,4,36,1
96361,7,36,1
95054,2,42,1
86498,5,36,1
99090,6,57,1
97043,6,52,1
15202,5,55,1
5703,5,68,1
5703,3,39,1
5704,10,78,1
15071,10,26,0
15071,2,26,0
5703,0,44,1
5704,8,39,1
5701,2,42,1
5704,4,44,1
5701,4,42,1
5703,10,55,0
5701,7,55,1
5704,1,39,0
15071,6,44,1
5701,10,39,1
15071,7,18,0
15360,2,60,1
15066,8,81,1
15066,4,44,1
15066,2,28,0
15360,8,42,1
15360,6,31,0
15360,11,49,1
15202,2,39,1
15202,8,39,1
15202,11,39,1
15071,11,31,0
12522,10,73,1
12528,0,34,0
12528,2,18,0
12544,5,36,1
12510,3,39,1
15112,4,63,1
12522,5,23,0
12544,8,36,1
15086,1,57,1
12544,3,28,0
3563,7,36,1
12544,1,65,1
15112,7,36,1
3517,9,57,1
3517,6,21,0
3606,0,39,1
3517,2,39,1
3511,11,36,1
3435,1,26,0
3435,4,57,1
15087,10,42,1
12138,4,26,0
15087,4,42,1
15087,7,36,0
12399,3,23,0
12399,4,39,1
15139,11,36,1
12399,10,39,0
3558,1,28,0
12545,10,39,1
3558,3,65,1
15112,2,18,0
12510,8,36,1
12545,4,39,1
3558,9,28,0
12545,1,39,0
3558,10,23,0
3563,2,47,1
12528,4,42,1
15086,11,36,1
12544,11,28,0
15086,3,57,0
3471,7,36,1
15314,1,31,0
3486,3,55,1
3620,10,36,1
12531,11,36,1
15304,0,18,0
3469,5,36,1
3469,6,36,0
3469,9,44,1
3471,4,39,1
15304,6,36,1
15314,4,42,1
15304,8,18,0
15304,10,52,1
15139,2,55,1
15139,4,42,1
3475,9,73,1
3475,4,39,1
3475,2,36,0
3474,1,47,1
3475,0,18,0
3620,6,36,1
3435,7,36,1
3438,3,65,1
3506,9,73,1
3506,6,36,0
3474,8,18,0
3606,5,36,1
15314,10,36,1
3606,9,44,0
12528,9,47,1
3511,3,55,1
12531,5,36,1
3438,6,36,1
3438,8,36,1
3450,10,73,1
3453,2,72,1
3453,9,72,0
3469,3,21,0
3486,11,36,1
12531,8,36,1
12292,9,73,1
12770,9,42,1
12770,3,31,0
12770,1,31,0
12280,5,28,0
12280,11,36,1
12168,11,36,1
12168,8,18,0
12168,4,31,0
12292,7,36,1
12168,0,18,0
12104,1,44,1
12104,3,39,1
12770,11,26,0
12104,8,31,0
12104,10,36,1
12297,0,36,1
12297,6,36,1
12297,9,36,1
15002,3,57,1
15002,1,44,1
12689,11,31,0
12689,7,31,0
12689,5,36,1
12689,3,49,1
15069,0,18,0
11835,8,36,1
12210,0,36,1
12210,3,55,1
12210,7,36,1
11844,10,42,1
12219,1,36,1
12219,4,39,1
11844,7,18,0
12219,10,73,1
15002,9,39,0
12201,5,36,1
12201,3,34,0
11835,11,36,1
12689,8,31,0
11835,3,18,0
12201,2,18,0
11835,1,26,0
11833,1,73,1
12230,5,36,1
12230,9,73,0
12201,1,28,0
12198,8,36,1
12198,4,42,1
12198,1,57,1
12819,8,36,1
12819,1,52,1
4933,9,18,0
12606,4,55,1
12567,7,36,1
12565,9,42,1
4898,2,26,0
4898,4,39,1
4898,11,36,1
12565,7,36,1
4933,11,18,0
12389,1,55,1
12389,4,55,1
12559,0,34,0
15173,11,36,1
12606,9,34,0
12559,2,31,0
12389,9,36,0
12565,2,47,1
15173,5,36,1
4933,8,18,0
12138,11,28,0
4933,2,36,1
4933,0,36,1
12559,11,18,0
12559,6,36,1
12559,4,18,0
12643,1,39,1
12399,1,23,0
4795,3,39,1
12644,10,39,1
12644,2,55,1
4795,11,36,1
4799,2,39,1
12643,9,39,1
4799,9,73,1
12138,1,36,1
12342,3,18,0
12342,6,36,1
12342,9,39,1
15069,2,18,0
15069,4,36,1
12138,8,36,1
15069,6,36,1
15173,3,18,0
12617,11,18,0
4898,0,18,0
12617,7,36,1
12617,4,36,1
12617,0,18,0
12606,10,39,1
13541,7,26,0
15014,3,73,1
13541,3,21,0
13541,5,18,0
13548,7,36,1
13541,8,18,0
13541,9,18,0
13541,10,28,0
13546,0,36,1
13546,6,36,1
13546,9,55,1
13548,1,39,1
12245,1,34,0
13548,11,36,1
13548,3,39,1
13548,9,39,0
15199,5,21,0
15085,8,36,1
15085,3,55,1
12762,10,42,1
12762,4,42,1
12762,0,60,0
12745,0,65,1
12736,11,26,0
12736,6,36,1
12736,0,57,1
15199,3,55,1
15085,10,18,0
15199,9,55,1
15217,1,42,1
12619,9,73,1
15212,9,55,1
15212,1,55,1
15212,3,36,1
12546,1,55,1
12546,5,36,1
12546,11,18,0
12915,4,26,0
15042,3,39,1
15042,5,36,1
15042,8,36,1
15042,11,36,1
15217,11,26,0
15179,0,36,1
15179,3,36,1
12915,10,47,1
12915,7,36,1
15014,9,73,0
15199,0,23,0
12766,11,18,0
15217,9,21,0
12766,9,36,1
12766,7,36,1
12766,3,18,0
15217,4,52,1
12766,1,18,0
15085,11,36,1
3638,2,73,1
3625,10,47,1
3628,4,73,1
3628,9,73,1
3632,2,55,1
47709,10,73,1
12393,10,73,1
12393,8,36,1
3632,9,47,1
3625,5,36,1
12155,9,39,1
12155,3,39,1
12151,9,39,1
12151,5,36,1
12151,3,60,1
12151,1,60,0
12141,2,39,1
12140,10,28,0
12174,7,36,1
3574,1,39,1
3574,5,28,0
3574,7,26,0
3574,9,55,1
3580,4,65,1
47291,1,55,1
12174,11,36,1
12174,9,49,1
12140,4,42,1
12174,2,49,1
47291,7,36,1
47291,10,36,1
12174,0,21,0
12155,11,36,0
47709,4,42,1
47709,7,36,0
3625,1,36,1
12126,1,57,1
11840,3,149,1
11840,6,36,0
11840,8,36,0
12129,11,36,1
12129,6,36,1
12126,11,36,1
12126,9,31,0
12126,4,47,1
11840,1,39,0
12112,10,18,0
12111,1,52,1
12111,4,36,1
12111,10,39,1
12112,0,36,1
12112,2,36,1
12112,8,36,1
12112,9,18,0
12135,8,36,1
12140,1,36,1
12137,6,36,1
12137,4,36,1
12137,1,55,1
12136,9,52,1
12136,5,36,1
12135,11,36,1
11830,2,65,1
3580,6,36,1
11830,9,73,1
12349,1,36,1
12349,4,73,1
12135,1,36,1
12130,9,49,1
12130,4,28,0
12130,2,44,1
12130,0,18,0
3522,5,36,1
12246,5,31,0
3500,9,65,1
12246,4,26,0
3522,3,39,1
3483,7,36,1
3483,4,52,1
12249,5,36,1
12246,1,21,0
3500,3,42,0
12273,1,23,0
3522,10,44,1
12249,10,47,1
12257,4,42,1
12257,11,36,1
3525,1,55,1
3525,8,36,1
3529,0,42,1
12248,0,55,1
12249,2,47,1
12264,6,36,1
12248,8,36,1
3483,11,36,1
12264,9,55,1
12248,3,36,1
3490,5,36,1
12264,11,18,0
12245,4,31,0
12246,11,36,1
3490,7,36,1
3490,11,36,1
3499,1,39,1
3499,6,36,1
3499,9,39,0
3499,10,34,0
12293,5,36,1
3543,4,18,0
3543,2,55,1
3540,10,73,1
3543,9,73,1
3427,0,36,1
3427,3,36,1
3427,8,36,1
12215,2,18,0
12421,5,36,1
3540,8,36,1
12215,5,36,1
3540,4,39,0
3540,1,39,0
12215,8,36,1
12293,2,68,1
3529,3,73,1
12287,7,36,1
12287,3,39,1
12278,6,36,1
12278,3,36,1
12278,1,73,1
12215,11,31,0
12245,3,42,1
12287,10,73,1
12273,11,23,0
12273,9,42,1
12273,2,23,0
3529,9,36,1
12273,4,42,1
3529,5,36,0
12259,1,63,1
12259,10,23,0
12259,4,55,1
12260,0,73,1
12139,0,73,1
12139,3,55,1
12139,10,36,0
12149,1,73,1
12149,5,36,1
12149,10,36,1
12191,0,73,1
12191,3,36,1
12191,5,36,1
12191,8,36,1
12199,2,49,1
15060,3,42,1
12199,7,36,1
15096,10,36,1
15111,0,36,1
3533,0,44,1
15104,9,49,1
15104,7,36,1
15104,3,47,1
15104,0,36,1
3533,3,55,1
15098,9,28,0
3533,8,36,1
15098,2,23,0
15111,3,55,1
15096,9,36,0
15096,7,36,1
15096,4,23,0
15089,9,49,1
15089,4,23,0
15089,1,73,1
3583,2,42,1
3583,8,36,1
3583,10,60,1
15083,10,55,1
15149,7,36,1
15142,10,55,1
15142,8,36,1
15142,1,55,0
3478,2,31,0
3478,4,31,0
3478,7,73,1
3478,9,31,0
3478,11,18,0
15149,1,26,0
15149,4,39,1
15083,6,36,1
15123,11,26,0
15123,10,28,0
15123,5,26,0
15123,4,28,0
15123,0,36,1
15163,6,36,1
15163,10,73,1
15113,9,73,1
15113,1,71,0
15111,11,36,1
15050,11,36,1
11668,8,36,1
15229,3,55,1
15060,1,36,1
11826,0,36,1
11826,6,36,1
11826,9,55,0
15053,6,36,1
15052,8,36,1
15052,4,18,0
15052,1,73,1
15060,8,26,0
15050,7,36,1
11838,1,36,1
11838,3,55,1
11838,6,36,1
15028,11,18,0
15028,4,55,1
15028,2,18,0
15028,0,18,0
15005,8,36,1
15005,5,36,1
15067,1,57,1
3584,2,55,1
3584,8,36,1
3584,11,18,0
3611,2,55,1
3611,4,42,1
3611,10,55,0
10282,3,39,1
10282,6,36,1
10282,10,42,0
11529,0,73,1
15005,3,42,0
11529,3,36,1
11529,6,36,1
11529,9,36,1
15061,9,36,1
11529,11,18,0
15061,4,36,1
15061,2,36,1
15061,0,36,0
15060,10,39,1
12377,0,73,1
12597,0,55,1
12515,9,49,1
12443,5,36,1
12376,1,36,1
12443,3,57,1
12443,2,21,0
12443,0,18,0
12376,6,36,1
12376,10,73,1
12515,3,23,0
12377,3,55,1
12377,10,36,0
12379,0,36,1
12379,8,36,1
12382,1,36,1
12382,3,55,1
12382,6,36,1
12383,4,36,1
12383,8,36,1
12362,4,73,1
12347,10,57,1
12624,11,21,0
12624,10,21,0
12624,8,36,1
12624,3,39,1
12624,1,26,0
12359,1,18,0
12359,3,71,1
12361,11,36,1
12383,9,36,0
12362,8,36,1
12362,11,36,0
12513,2,60,1
12513,9,57,1
12597,9,36,1
12513,11,26,0
12597,3,55,1
12515,1,73,1
12412,2,26,0
12400,9,55,1
12400,11,36,1
12408,1,26,0
12408,3,39,1
12408,9,39,1
12408,11,36,1
12410,3,57,1
12410,10,73,0
12412,0,55,1
12397,6,36,1
12412,4,36,1
12418,7,36,1
12415,7,36,1
15215,1,36,1
12412,10,36,1
12415,0,26,0
12415,3,52,1
15215,3,73,1
12536,2,52,1
12560,7,36,1
12383,11,36,1
12385,2,39,0
12385,8,36,1
12391,0,55,1
15215,10,36,1
12391,3,18,0
12391,7,36,1
12391,9,36,1
12560,10,55,1
12359,9,73,0
12391,10,36,0
12560,2,55,1
12418,10,39,1
12395,1,18,0
12395,6,36,1
12395,8,36,1
12397,2,55,1
12397,4,18,0
12704,5,36,1
12654,8,36,1
12331,11,18,0
15194,3,44,1
15194,10,39,1
12331,0,39,1
12317,8,36,1
12317,1,73,1
12316,8,36,1
12316,3,73,1
12272,2,73,1
12272,7,36,1
12310,9,55,1
12277,1,73,1
12310,6,36,1
12331,4,73,1
12347,3,57,1
12704,9,73,0
12310,0,36,1
15225,3,28,0
15225,1,39,1
12501,2,39,1
12501,9,39,1
12277,6,36,1
12295,6,36,1
12295,9,73,1
12301,8,36,1
12301,0,26,0
12501,11,36,1
15226,7,36,1
15229,9,55,1
12260,2,39,1
12347,2,36,0
12346,10,60,1
12346,4,55,1
15229,0,36,1
12346,2,39,0
12343,9,36,1
12343,3,55,1
12343,1,73,0
12260,4,21,0
15194,0,42,1
12336,10,57,1
12336,7,36,1
12335,10,73,1
12260,10,23,0
12654,2,73,1
12335,1,73,1
12260,6,21,0
12336,1,52,1
15225,8,36,1
15225,10,36,1
15226,0,55,1
15301,1,47,1
15313,3,73,1
15301,10,28,0
15301,8,31,0
15143,7,36,1
15219,9,26,0
15230,7,36,1
15323,1,47,1
15230,1,36,1
15143,4,47,1
15353,4,26,0
15230,9,36,1
15301,6,31,0
15143,9,26,0
15324,9,73,1
15344,2,18,0
15344,0,18,0
15165,10,57,1
15218,4,23,0
15218,0,73,1
15338,8,36,1
15338,0,36,1
15333,10,57,1
15333,4,36,1
15324,2,34,0
15333,2,39,1
15333,0,18,0
15208,3,39,1
15325,9,47,1
15325,4,26,0
15165,4,36,1
15165,2,52,1
15325,1,73,1
15219,0,60,1
15323,7,36,1
15367,8,36,1
15323,9,47,0
15367,6,18,0
15367,5,36,1
15219,2,18,0
15353,9,21,0
15353,7,36,1
15324,0,26,0
15219,7,23,0
15353,2,31,0
15349,11,36,1
15349,7,36,1
15344,9,73,1
15344,7,18,0
15166,4,18,0
15166,2,73,1
15218,10,42,1
85149,9,57,1
15174,7,36,1
85193,7,36,1
85193,9,18,0
15174,4,34,0
85196,5,36,1
85196,11,36,1
85203,0,73,1
85159,4,26,0
85159,1,73,1
15174,10,39,1
15174,2,18,0
85149,4,18,0
85149,2,55,1
85143,10,52,1
15174,1,18,0
15174,0,21,0
85143,4,34,0
85143,2,42,1
15190,5,31,0
15186,5,36,1
15186,1,39,1
15185,9,55,1
15187,4,73,1
15185,3,44,1
15185,1,28,0
85160,4,57,1
85160,7,36,1
15190,1,73,1
15172,10,57,1
85160,2,18,0
85159,10,26,0
15195,7,36,1
15195,10,36,1
12850,9,52,1
85193,1,39,1
85193,4,47,1
15174,11,21,0
15208,5,36,1
86221,9,18,0
86221,11,18,0
15205,9,36,1
15205,11,18,0
15206,0,57,1
15206,3,73,0
15206,10,39,1
15208,1,36,1
15186,11,28,0
15168,4,39,1
15166,7,36,1
15209,5,34,0
15209,9,52,1
15211,1,73,1
15211,5,36,1
15211,9,47,0
85006,2,73,1
15213,5,36,1
86221,0,28,0
15172,8,36,1
85143,0,23,0
15172,1,57,0
15168,11,36,1
15168,9,39,0
85142,9,18,0
85142,3,42,1
85142,1,49,1
85142,0,36,0
15213,8,36,1
85006,6,36,1
86221,1,52,1
86221,3,18,0
86221,4,18,0
86221,6,18,0
15205,0,55,1
15205,2,36,1
86221,7,36,1
11691,3,39,1
11863,10,31,0
11863,7,31,0
11685,1,21,0
11685,3,63,1
11862,9,55,1
11685,7,36,1
11691,0,39,1
11862,2,55,0
11866,4,39,1
11861,10,36,1
11861,4,57,1
11861,1,55,0
11691,8,36,1
11861,0,31,0
11858,9,42,1
11858,3,26,0
11858,1,42,1
11871,2,71,1
11875,3,55,1
11875,1,18,0
11596,11,36,1
11673,10,39,1
11872,11,36,1
11872,4,55,1
11871,11,26,0
11871,5,31,0
11855,9,36,1
11869,7,18,0
11869,5,36,1
11869,1,55,1
11596,5,36,1
11866,10,73,1
11866,7,36,0
11678,1,73,1
11824,11,36,1
11703,2,73,1
10394,10,39,1
11703,11,36,1
10394,11,36,0
11511,0,26,0
11511,2,49,1
11707,1,73,1
11511,5,36,1
11846,0,36,1
11824,8,36,1
11824,1,39,1
11823,9,73,1
11823,7,36,1
11592,11,36,1
11823,4,73,1
11822,10,57,1
11850,4,36,1
11855,2,49,1
11855,0,49,1
11852,6,36,1
11852,3,73,1
11850,11,36,1
10394,4,39,1
11691,10,42,0
11850,6,18,0
11875,7,36,1
11850,1,55,1
11848,4,39,1
11848,1,36,1
11846,7,36,1
11846,4,36,1
11846,2,55,1
10394,5,36,0
11669,2,55,1
12166,9,73,1
12166,6,36,1
11606,3,36,1
11651,9,55,1
12166,1,73,1
5020,0,47,1
12164,9,18,0
5020,8,36,1
11606,6,36,1
12164,8,36,1
12164,6,36,1
11669,11,36,1
12164,0,39,1
12153,9,39,1
12153,3,28,0
12153,0,44,1
12203,8,36,1
12222,1,26,0
12216,9,73,1
12216,1,55,0
12206,9,57,1
11609,10,36,1
12206,3,21,0
12206,0,39,1
12203,9,26,0
11671,1,36,1
12203,6,36,1
12185,10,57,1
11609,4,36,1
12185,6,36,1
12185,0,18,0
11609,2,55,1
11651,3,36,1
11883,3,57,1
11673,1,23,0
11888,1,73,1
11887,9,36,1
11887,4,39,1
11600,4,42,1
11887,2,36,1
11673,3,23,0
11883,9,36,1
11888,4,18,0
11883,1,42,1
11600,1,42,1
11882,7,36,1
11882,1,57,1
11876,8,36,1
11673,9,23,0
11876,1,55,1
12131,3,39,1
5020,10,73,0
12143,8,36,1
11671,3,55,1
11606,0,36,1
12143,1,42,1
11602,8,36,1
12131,9,36,1
12131,7,26,0
11822,3,39,1
12131,0,36,1
11602,6,36,1
11888,11,18,0
11671,9,55,1
11600,7,36,0
11673,0,36,1
11888,6,36,1
11557,5,36,1
11548,0,57,1
11548,4,57,1
11548,10,39,0
11760,9,55,1
11552,6,18,0
11552,8,36,1
11722,0,42,1
11760,4,18,0
11583,4,36,1
11557,8,36,1
11557,10,36,1
11760,3,39,1
11560,3,36,1
11560,5,36,1
11760,1,36,1
11583,2,36,1
11560,8,36,1
11546,0,18,0
11800,7,36,1
11533,4,36,1
11800,4,18,0
11719,1,31,0
11533,7,36,1
11583,11,36,1
11541,0,73,1
11791,4,36,1
11756,8,36,1
11546,2,55,1
11791,0,73,1
11719,4,31,0
11583,9,36,0
11546,8,36,1
11719,10,28,0
11546,10,36,1
11580,1,18,0
11571,8,36,1
11571,10,21,0
11727,0,36,1
11731,5,36,1
11571,11,18,0
11573,1,73,1
11730,7,36,1
11573,4,39,1
11731,10,36,1
11573,10,39,0
11730,4,42,1
11579,1,73,1
11579,8,36,1
11727,4,36,1
11580,0,18,0
11727,11,36,1
11571,1,36,1
11564,1,36,1
11722,8,36,1
11564,3,18,0
11564,4,55,1
11564,11,36,1
11756,4,55,1
11756,1,21,0
11745,1,39,1
11533,1,36,1
11742,9,73,1
11582,10,73,1
11725,4,57,1
11737,4,71,1
11571,3,18,0
11580,11,36,1
11580,3,73,1
11709,1,73,1
11512,7,36,1
11813,2,36,1
11592,8,18,0
11592,4,18,0
11812,10,39,1
11512,10,39,1
11812,2,39,1
11810,9,55,1
11813,9,34,0
11517,1,36,1
11810,0,73,0
11517,7,36,1
11517,10,55,1
11518,1,57,1
11709,10,73,0
11806,1,36,1
11816,1,36,1
11822,1,21,0
11817,10,39,1
11817,4,42,1
11707,3,26,0
11817,0,42,0
11816,10,36,1
11511,10,36,1
11816,8,36,1
11715,1,36,1
11815,9,73,1
11512,1,39,1
11707,11,36,1
11592,9,36,1
11815,4,36,1
11512,4,42,1
11813,11,36,1
11801,8,36,1
11591,4,73,1
11716,1,28,0
11524,3,73,1
11803,6,36,1
11526,1,73,1
11801,10,36,1
11526,4,36,1
11591,0,36,1
11803,9,73,1
11526,9,36,1
11528,1,73,1
11801,4,36,1
11528,5,36,1
11800,10,36,1
11716,4,73,1
11531,4,55,1
11521,6,36,1
11592,3,36,1
11805,11,28,0
11518,4,55,1
11518,9,36,1
11715,3,36,1
11521,3,36,1
11805,10,55,1
11591,11,36,1
12143,11,31,0
11523,0,55,1
11715,10,36,1
11805,0,55,1
11523,2,36,1
11804,4,57,1
11523,4,36,1
11523,9,26,0
12564,11,36,1
12587,9,36,1
12587,5,36,1
12586,10,73,1
12586,5,36,1
12584,11,36,1
12584,2,36,1
12577,9,18,0
12577,2,18,0
12577,0,55,1
12589,2,73,1
12564,9,73,1
12564,3,44,0
11626,4,73,1
12541,10,39,1
12541,4,39,1
12541,2,21,0
12541,1,28,0
11636,8,18,0
12596,10,36,1
12672,2,52,1
12641,10,26,0
12641,6,36,1
12631,5,36,1
12631,2,39,1
12629,9,36,1
12629,8,26,0
12629,3,18,0
12629,1,65,1
11626,2,39,1
12596,7,36,1
12596,4,18,0
12596,2,44,1
12591,9,55,1
12591,2,36,1
12591,0,36,1
12589,10,55,1
12589,5,18,0
12493,9,39,1
12222,3,39,1
3642,0,18,0
12495,9,65,1
12495,3,31,0
12495,0,63,0
12494,11,36,1
12494,3,18,0
12494,0,18,0
12493,11,36,1
12497,8,36,1
12493,5,36,1
3642,2,26,0
12487,9,39,1
12487,6,36,1
12487,2,39,1
12487,0,26,0
11639,1,73,1
3642,4,31,0
12508,4,21,0
3629,9,44,1
12532,11,36,1
3629,11,36,1
12532,8,36,1
12532,1,47,1
12512,9,36,1
12512,3,73,1
12512,0,39,1
12508,7,36,0
12672,8,36,1
12508,2,39,1
12508,0,21,0
12504,11,34,0
12504,9,36,1
12504,2,39,1
12503,4,21,0
12503,2,18,0
12497,10,18,0
11632,5,36,1
15103,3,73,1
15103,0,42,0
3501,9,26,0
11634,2,36,1
11634,9,73,1
11634,11,36,1
11632,8,36,1
3586,1,55,1
11636,1,18,0
11633,9,57,1
11632,0,60,1
3586,7,36,1
3586,9,63,0
11636,4,36,1
11626,11,21,0
3629,2,26,0
12935,2,31,0
12935,1,36,1
15122,11,36,1
15127,10,21,0
15127,9,18,0
15127,4,18,0
15127,3,23,0
15127,11,21,0
15127,2,21,0
15127,1,23,0
15124,10,73,1
15124,6,36,1
12924,10,73,1
3501,0,26,0
15122,5,36,1
15122,3,34,0
15122,1,36,1
3501,6,34,0
11633,1,57,1
11633,4,39,0
11632,11,36,1
12844,4,39,1
12908,4,52,1
12908,1,36,1
12906,8,36,1
12906,0,55,1
12904,8,36,1
12904,1,57,1
3629,4,31,0
12850,0,65,1
12844,9,31,0
12909,1,36,1
12844,0,55,1
12840,10,55,1
12840,3,42,1
12779,11,36,1
12779,4,39,1
12779,1,71,1
12672,11,36,1
12672,9,18,0
12917,9,47,1
11626,9,55,0
12924,8,36,1
12924,1,36,1
12922,11,26,0
12922,8,36,1
12922,2,44,1
11636,7,36,1
12917,11,18,0
12497,4,60,1
12917,3,26,0
12917,1,57,1
12910,11,18,0
12910,9,36,1
12910,2,36,1
12910,0,36,1
12909,11,36,1
12909,4,55,1
3645,9,28,0
12430,11,36,1
12430,9,39,1
12430,8,36,0
12430,4,39,1
12430,2,39,0
12430,1,39,0
12430,0,39,0
12409,10,36,0
12434,1,42,1
12409,5,36,1
12409,3,18,0
12409,1,36,1
12404,9,63,1
12404,6,36,1
12404,1,42,0
12398,11,21,0
12398,3,73,1
12442,0,73,1
12450,3,55,1
3645,0,26,0
12450,0,55,1
12447,8,36,1
12447,5,36,1
12447,3,55,1
12442,11,18,0
12442,4,55,1
12398,0,57,1
3645,2,36,1
11639,11,34,0
3645,4,26,0
11621,0,73,1
12434,9,21,0
12434,8,34,0
12434,7,36,1
12226,9,26,0
11611,7,36,1
11640,11,36,1
12302,3,73,1
12302,1,28,0
3744,9,39,1
11611,5,18,0
11651,0,55,1
12226,11,21,0
12305,0,34,0
11611,3,36,1
12226,6,36,1
12226,4,26,0
12223,10,36,1
12223,7,36,1
12223,1,39,1
12222,11,36,1
12222,4,42,0
12356,5,34,0
11618,1,36,1
11640,2,39,1
3645,10,28,0
3738,3,55,1
3738,11,36,1
3744,2,60,1
3744,6,36,1
12356,11,18,0
12430,3,44,0
12356,2,31,0
12356,1,23,0
11640,9,57,0
11614,8,36,1
3744,8,36,0
12305,9,52,1
11614,5,36,1
12467,8,36,1
12459,4,55,1
12459,9,73,1
11639,8,36,1
3642,11,36,1
12463,1,55,1
12463,8,18,0
12463,10,55,1
11621,3,18,0
11621,5,36,1
12466,0,55,1
12450,9,36,1
12466,3,36,1
12466,9,36,1
12467,2,73,1
12466,2,18,0
12467,11,36,1
12471,1,18,0
12471,3,18,0
12471,8,36,1
12471,11,36,1
12473,3,36,1
12473,9,18,0
12473,11,36,1
3642,9,21,0
12481,0,36,1
12481,6,36,1
12481,9,39,1
3642,6,18,0
12458,3,55,1
12456,4,21,0
12458,0,73,1
12458,9,71,0
12456,9,57,1
12456,2,57,1
12459,0,21,0
92477,6,36,1
91836,1,34,0
92477,3,26,0
92480,0,55,1
90389,7,36,1
11595,0,44,1
91836,2,21,0
90389,9,55,1
90582,10,36,1
92480,3,36,1
91871,10,18,0
92480,9,39,1
91708,4,39,1
92165,5,36,1
90582,5,36,1
92177,4,18,0
95021,4,23,0
91708,1,44,1
95021,1,39,1
92177,9,55,1
91345,8,36,1
90513,6,36,1
91833,0,73,1
90673,5,36,1
92177,0,18,0
91708,10,42,1
11595,4,68,1
92177,3,36,1
91836,10,39,1
91837,5,36,1
92165,9,42,1
91837,8,36,1
91837,11,36,1
96657,7,36,1
91836,7,36,1
90673,8,36,1
91871,1,18,0
91345,2,73,1
96657,9,36,1
90513,9,36,1
95020,4,52,1
94948,0,18,0
90389,1,18,0
91871,2,36,1
91871,4,26,0
91175,6,36,1
11595,8,26,0
96720,3,31,0
91345,11,18,0
91175,9,73,1
91881,1,39,1
91573,3,36,1
92158,3,21,0
92184,2,44,1
91874,9,55,1
91567,6,36,1
92183,11,36,1
91567,9,42,1
92158,1,23,0
92181,1,18,0
92183,9,42,1
91567,11,36,1
91568,1,73,1
91567,1,26,0
91568,5,36,1
91568,11,36,1
91881,4,39,1
92183,4,28,0
91572,0,60,1
92183,1,39,1
92181,11,31,0
90513,11,36,1
91572,4,39,1
91881,10,73,0
92181,4,55,1
95020,11,36,1
92195,7,36,1
90582,1,31,0
91345,9,36,0
91572,10,55,0
89627,9,68,1
96720,6,31,0
91573,9,36,1
96720,9,31,0
96720,10,31,0
92180,1,73,1
91364,1,73,1
92158,8,36,1
92195,10,47,1
90582,3,42,1
91364,10,73,1
90513,1,18,0
91427,8,36,1
91573,6,36,0
92195,2,36,1
91874,4,36,1
91874,7,36,1
92184,7,36,1
91429,1,73,1
91833,10,73,0
92184,4,47,1
91429,9,28,0
94152,11,18,0
94148,3,73,1
96126,6,36,1
94148,8,36,1
94148,11,31,0
96126,9,39,1
96126,11,36,1
96469,5,26,0
96469,1,60,1
94152,2,18,0
94152,4,36,1
94152,7,36,1
94152,9,18,0
96126,4,39,1
94978,5,36,1
94978,1,36,1
96153,1,52,1
96153,4,44,1
96153,9,28,0
96153,10,18,0
94948,11,21,0
99848,11,36,1
94334,4,36,1
94334,8,36,1
97952,0,55,1
99848,9,21,0
96469,11,36,1
96470,1,23,0
93911,3,52,1
96055,1,36,1
93911,9,39,1
96055,2,18,0
93940,5,36,1
93940,8,36,1
96055,4,18,0
94032,4,31,0
94032,6,36,1
94032,8,28,0
94032,10,39,1
97952,4,39,1
96055,9,18,0
96469,9,28,0
97901,3,34,0
96055,11,36,1
96126,2,39,0
94117,2,36,1
94117,4,26,0
94117,7,36,1
94117,9,36,1
94141,2,57,1
94141,5,36,1
94141,9,57,0
94897,11,31,0
96387,5,36,1
96387,1,73,1
96367,9,57,1
96367,6,31,0
96367,4,55,1
96367,1,36,1
97952,9,21,0
97952,10,26,0
94766,4,39,1
94766,8,36,1
94897,4,39,1
94897,8,36,1
96403,4,42,1
94899,4,36,1
94899,7,36,1
94899,9,55,1
94900,2,60,1
94900,5,36,1
94900,7,21,0
94901,3,39,1
94901,5,36,1
94901,8,36,1
96364,10,42,1
96364,7,36,1
96364,4,36,1
94948,8,36,1
94354,2,44,1
97952,6,36,1
94356,0,36,1
94356,2,36,1
94356,8,36,1
94357,0,36,1
94357,2,55,1
94357,4,18,0
94357,9,36,1
99848,4,18,0
99848,1,55,1
99848,0,21,0
96470,4,36,1
94948,2,36,1
96406,10,36,1
96406,9,18,0
96406,4,31,0
96406,2,31,0
96406,0,31,0
96404,11,21,0
96404,10,36,1
96404,2,55,1
96403,11,36,1
96403,9,28,0
96606,4,36,1
93173,11,31,0
96617,11,36,1
96617,9,36,1
93250,0,36,1
93250,7,31,0
93250,10,39,1
96617,4,39,1
93271,3,36,1
93271,10,57,1
96617,1,57,0
96606,11,36,1
96606,6,36,1
93173,5,36,1
96606,1,39,0
96596,10,42,1
96596,4,55,1
96596,1,49,1
96595,8,36,1
96595,4,18,0
96595,2,73,1
96595,0,21,0
96581,11,36,1
96581,3,36,1
93442,5,28,0
93442,8,36,1
92719,4,73,1
92525,9,55,1
96657,4,36,1
96656,8,36,1
92539,1,73,1
96656,6,36,1
96656,1,73,1
92698,1,31,0
92698,3,31,0
92698,8,31,0
92698,10,31,0
92719,0,42,0
92719,2,39,0
93442,11,26,0
92719,9,18,0
95020,1,36,0
95019,11,36,1
95019,8,26,0
95019,4,47,1
94978,11,36,1
93026,2,73,1
93026,9,68,1
96618,9,57,1
96618,4,44,1
96618,2,44,1
93173,4,57,0
93891,8,31,0
96470,11,36,1
93630,1,55,1
93630,3,18,0
93630,9,55,1
93630,10,18,0
93679,0,18,0
93679,1,26,0
93679,3,26,0
93679,8,18,0
93679,9,39,1
93891,1,36,1
93891,3,28,0
93625,9,57,1
93891,10,26,0
93898,1,36,1
93898,3,36,1
93898,9,26,0
93898,11,28,0
93900,1,57,1
93900,3,47,1
97893,0,47,1
93900,10,39,1
96470,8,36,1
97893,4,42,1
97893,10,49,1
96512,2,36,1
96581,0,54,0
96512,11,36,1
96512,9,36,1
93457,0,42,1
93457,2,42,1
93457,4,18,0
93457,8,26,0
93457,10,28,0
93499,0,44,1
93499,3,39,1
93499,8,36,1
93499,11,36,0
92525,5,36,1
96512,0,23,0
93615,2,36,1
93615,5,36,1
93615,10,73,1
96502,9,57,1
96502,4,57,1
93622,0,55,1
93622,4,36,1
93622,7,36,1
93625,0,55,1
93625,3,39,0
86470,11,36,1
86416,3,36,1
86416,11,18,0
86456,0,73,1
86456,4,39,1
86456,10,73,0
95997,4,36,1
86460,2,42,1
86460,4,73,0
86460,6,36,1
86460,8,36,0
86470,3,47,1
95997,7,36,1
86470,8,36,1
86375,11,21,0
95103,5,34,0
95103,3,18,0
95997,9,36,1
95103,2,36,1
95103,0,18,0
96834,11,18,0
96834,9,36,1
96834,7,36,1
96834,4,18,0
96813,9,28,0
86574,4,47,1
86574,7,36,1
86574,9,44,1
95188,5,36,1
95861,10,36,1
85560,0,73,1
85560,11,36,1
95191,2,36,1
95189,10,57,1
95189,4,23,0
85584,0,18,0
85584,6,36,1
85584,8,36,1
95189,0,57,1
95188,9,73,1
85589,0,42,1
85589,6,36,1
86628,1,39,1
85617,0,36,1
85617,3,55,1
85617,9,55,1
85634,2,57,1
85634,9,55,1
85634,11,36,1
95103,10,36,1
86375,0,18,0
86375,1,39,1
86375,3,39,1
86375,7,36,1
86375,9,39,1
86850,4,28,0
86826,2,39,1
86826,4,26,0
86826,9,23,0
86826,11,31,0
86828,0,57,1
86828,3,39,1
86828,10,39,0
86830,2,28,0
86830,8,36,1
86830,11,36,1
86848,1,65,1
86848,8,36,1
86850,1,28,0
86826,1,28,0
86850,10,71,1
89627,6,36,0
86926,4,21,0
86926,10,23,0
86927,0,39,1
86927,3,73,1
86927,9,18,0
86929,5,36,0
86929,9,73,1
86942,0,18,0
86942,7,36,1
86942,9,73,1
86785,7,36,1
86628,3,55,1
86628,9,57,0
96813,7,36,1
96813,6,26,0
86662,1,34,0
86662,3,26,0
86662,9,26,0
86662,11,21,0
86766,0,36,1
86766,9,55,1
86782,3,73,1
86782,9,73,1
86785,5,36,1
95861,8,36,1
86785,9,36,1
86787,4,57,1
86787,7,36,1
86787,9,36,0
86791,0,55,1
86791,2,55,1
86791,9,36,1
86825,0,36,1
86825,2,18,0
86825,3,55,1
86825,9,36,1
86826,0,26,0
95746,1,39,1
97449,7,36,1
97451,3,23,0
97451,4,26,0
97451,6,36,1
97451,9,31,0
97451,11,21,0
98700,9,34,0
98700,8,31,0
98700,4,21,0
98700,2,31,0
97468,0,39,1
97468,3,39,1
97468,10,55,1
97449,1,55,1
95746,4,73,1
97554,1,39,1
97554,4,57,1
95315,11,36,1
97554,7,36,1
97554,10,57,0
95746,11,36,0
95752,1,57,1
95315,9,36,1
97607,3,21,0
97607,9,31,0
95752,7,36,1
97270,0,36,1
97259,0,36,1
96348,1,23,0
97259,2,18,0
97259,3,23,0
15117,8,36,1
15117,6,36,1
15117,2,73,1
15117,0,36,1
97259,9,39,1
95431,6,36,1
97268,0,71,1
97268,4,36,1
97268,10,73,0
95752,10,31,0
97270,1,44,0
97270,4,52,1
95431,10,65,1
95434,1,47,1
95434,3,63,1
95434,8,36,1
95438,5,18,0
95438,9,39,1
95438,10,57,0
98700,11,31,0
95426,7,36,1
96348,2,18,0
85417,0,44,1
95194,6,28,0
95194,4,36,1
95861,3,36,1
85371,3,49,1
85371,5,36,1
85371,9,42,0
85372,4,21,0
85372,6,36,1
85372,10,57,1
85373,10,55,1
85410,1,39,1
85410,5,36,1
85410,8,36,1
85346,9,73,1
85417,5,18,0
85417,8,36,1
85417,10,28,0
85418,1,39,1
85418,4,21,0
85418,8,21,0
85418,10,57,1
85433,1,39,0
85433,7,36,1
85433,9,39,1
85435,0,57,1
85435,4,57,0
95194,11,36,1
95784,1,36,1
95784,3,55,1
95784,11,36,1
85157,1,36,1
85157,3,36,1
85157,8,36,1
85157,11,36,0
99581,9,55,1
99581,5,36,1
95861,0,36,0
98286,11,36,1
98286,8,36,1
95315,3,39,1
86926,2,39,1
95194,8,36,1
85305,3,36,1
98286,1,36,1
85305,9,36,1
85317,0,23,0
85317,2,39,1
85327,0,39,1
85327,2,34,0
85327,10,55,1
85345,3,39,1
85345,9,55,1
85346,7,36,0
87895,3,44,1
87834,1,55,1
87834,3,18,0
87834,8,36,1
87834,11,36,1
87835,0,55,1
87835,4,55,1
87835,9,36,1
87885,2,49,1
87885,6,36,1
87885,8,28,0
87894,4,23,0
87894,7,36,1
87895,1,36,1
87819,11,36,1
87895,8,36,1
87895,11,36,0
87896,1,36,1
87896,3,44,1
87896,8,36,1
87896,11,36,0
87902,1,28,0
87902,3,36,1
88030,0,39,1
88030,3,47,1
88030,5,36,1
88030,9,36,0
88057,0,36,1
87795,8,36,1
87752,1,60,1
87752,4,42,1
87765,9,55,1
87774,6,36,1
87774,9,73,1
97832,8,36,1
87785,4,73,1
86942,11,21,0
95997,11,18,0
87787,5,31,0
87787,8,31,0
87787,10,52,1
87795,2,34,0
88057,3,36,1
87795,10,36,1
87806,2,36,1
87806,4,36,1
87806,7,36,1
87817,1,73,1
87817,4,42,1
87817,9,36,0
87818,1,18,0
87818,3,36,0
87818,8,36,1
87819,6,36,1
87819,9,36,1
88879,9,55,1
88789,2,39,1
88789,9,39,1
88789,11,18,0
88792,1,47,1
88792,7,36,1
88792,11,36,1
88819,10,65,1
88846,8,36,1
88846,11,36,1
88875,0,18,0
88875,6,18,0
88879,0,55,1
88879,3,36,1
88789,0,26,0
88898,2,39,1
88898,9,36,1
88898,11,23,0
89129,1,49,1
89129,11,36,1
89433,1,18,0
89433,2,18,0
89433,6,36,1
89433,10,18,0
89433,11,18,0
89620,1,73,1
89620,9,26,0
89627,3,49,0
88295,0,31,0
88057,10,36,1
88086,1,52,1
88086,2,39,0
88086,7,36,1
88086,8,21,0
88094,0,36,1
88094,3,36,1
88094,5,36,1
88094,10,36,0
88281,0,21,0
88281,3,55,1
88281,9,52,1
95021,10,39,1
87785,9,36,0
88295,1,21,0
88295,3,21,0
88295,9,18,0
88295,10,18,0
88295,11,26,0
88299,0,18,0
88299,3,36,1
88299,6,36,1
88299,11,34,0
88502,1,39,1
88502,7,36,1
88502,10,36,1
87303,3,55,1
87038,6,36,1
87086,1,55,1
87086,4,55,1
87161,1,52,1
87161,4,52,1
87161,10,26,0
87255,2,55,1
87255,8,36,1
87255,11,36,1
87298,1,18,0
87298,3,36,1
87298,6,36,1
87301,4,42,1
87303,2,36,0
87038,0,26,0
87303,9,39,0
87451,1,73,1
87451,7,36,1
87451,10,36,0
87452,2,28,0
87452,3,28,0
87452,8,36,1
87511,1,39,1
87609,2,55,1
87609,9,55,1
87609,11,36,0
87620,1,36,1
87620,4,55,1
87004,3,28,0
86968,1,73,1
86968,8,36,1
86988,0,26,0
86988,6,36,1
86988,9,21,0
86988,11,26,0
86989,0,39,1
86989,3,44,1
86989,8,36,1
86989,11,36,0
87002,0,39,1
87002,4,39,1
87002,9,73,0
87004,1,39,1
87747,3,55,1
97832,0,39,1
87004,11,36,1
87025,0,36,1
97832,2,18,0
87025,7,36,1
87025,10,36,1
87026,0,36,1
87026,4,55,1
97832,6,18,0
87029,0,39,1
87029,2,36,1
87029,7,21,0
87029,9,39,0
87721,10,63,1
87709,8,18,0
87709,11,36,1
87711,0,39,1
87620,10,36,1
87711,6,21,0
87717,0,31,0
87717,8,36,1
87717,10,21,0
87718,1,36,1
87718,3,55,1
87718,6,36,1
87721,1,28,0
87721,3,65,1
87721,8,21,0
87711,3,39,1
87737,1,36,1
87737,3,55,1
87737,9,55,1
87738,2,18,0
87738,6,36,1
87738,9,18,0
87740,0,26,0
87740,1,21,0
87740,4,39,1
87740,10,18,0
87745,4,55,1
87745,7,36,1
87745,11,18,0
87747,7,36,1
87709,3,18,0
87691,3,55,1
87691,9,73,0
96813,3,42,1
96813,0,57,1
87706,2,42,1
87691,1,36,1
87655,9,55,1
87706,4,55,1
87655,7,36,1
87706,9,36,0
87655,1,55,0
87707,10,21,0
87707,7,36,1
87709,6,23,0
87707,2,39,1
87707,0,36,1
99455,10,39,1
99422,1,26,0
99452,3,39,1
99474,5,36,1
99452,6,36,1
99473,11,36,1
99452,9,60,0
99455,1,39,1
99422,3,26,0
99455,7,36,1
99422,0,26,0
99473,8,36,1
99422,9,52,1
99422,10,26,0
99473,6,36,1
99428,7,36,1
99428,9,36,1
99446,1,39,1
99474,2,36,1
99422,11,26,0
98780,2,18,0
99416,10,26,0
99474,0,73,1
99428,0,36,1
98476,2,39,1
98612,3,28,0
98612,0,36,1
98571,11,18,0
98571,9,18,0
98571,6,18,0
98571,4,26,0
98571,2,26,0
98571,0,52,1
98476,9,39,1
98476,4,68,1
98612,4,36,1
98338,10,52,1
98338,7,36,1
98338,4,36,1
98338,1,36,1
98314,11,36,1
98314,9,18,0
98314,4,36,1
98314,1,39,1
98255,9,36,1
98676,4,36,1
98758,5,36,1
98758,3,18,0
98758,2,36,1
98757,11,36,1
98757,9,39,1
98757,3,39,1
98757,1,39,0
98676,11,26,0
98676,9,28,0
98255,6,36,0
98676,2,36,1
98676,1,18,0
98614,9,31,0
98614,7,36,0
98614,4,36,0
98614,1,36,1
98612,11,28,0
98612,10,23,0
98612,8,34,0
98118,1,39,1
98120,10,39,1
98120,7,36,0
98120,0,57,1
98119,8,28,0
98119,6,36,1
98119,0,26,0
98118,11,36,1
98118,8,36,1
98118,3,39,0
98190,3,55,1
98116,11,36,1
98116,8,36,1
98116,6,36,1
98116,1,21,0
98105,9,36,1
98105,3,36,1
98105,1,36,1
98104,11,28,0
86514,10,36,1
98195,9,73,1
98255,3,39,1
98246,11,36,1
98246,9,36,1
98246,3,47,1
98246,1,26,0
98211,9,60,1
98211,6,26,0
98211,3,52,1
98195,11,18,0
98758,8,36,1
98195,4,18,0
98195,1,36,1
98193,10,39,1
98193,4,39,1
98193,1,57,0
98192,7,36,1
98190,10,31,0
98190,8,18,0
98190,5,23,0
99086,8,36,1
99093,1,55,1
99092,4,36,1
99091,10,52,1
99091,8,36,1
99091,3,18,0
99091,1,39,1
99090,11,36,1
99090,8,36,1
99090,4,39,1
99086,11,18,0
99093,5,36,1
99086,5,26,0
99085,10,57,1
99085,7,36,1
99085,0,57,0
99023,9,49,1
99023,7,23,0
99023,3,18,0
99023,1,36,1
99022,11,18,0
99188,0,44,1
99416,5,36,1
99416,1,39,1
99414,10,73,1
99414,7,36,1
99365,4,34,0
99365,0,18,0
99188,11,36,1
99188,8,36,1
99188,3,39,0
99022,10,23,0
99178,9,55,1
99178,2,36,1
99165,8,36,1
99165,1,23,0
99094,10,39,1
99094,9,26,0
99094,3,26,0
99094,1,52,1
99093,10,18,0
98786,3,36,1
98896,7,18,0
98896,4,26,0
98896,1,26,0
98828,10,55,1
98828,8,36,1
98828,5,36,1
98828,2,55,1
98786,11,26,0
98786,5,26,0
98896,8,36,1
98786,0,36,1
98780,10,36,1
98780,9,36,0
98780,7,18,0
98780,6,18,0
98780,5,18,0
98780,3,18,0
98104,6,36,1
98780,0,18,0
98955,9,73,1
99022,9,26,0
99022,4,26,0
99022,2,26,0
99022,1,26,0
98975,7,36,1
98975,1,39,1
98973,10,26,0
98973,7,36,1
98973,4,39,1
99416,8,36,1
98955,6,36,1
98955,3,73,1
98929,9,36,1
98929,7,18,0
98929,5,18,0
98929,3,21,0
98929,2,26,0
98929,1,28,0
98896,10,39,1
101421,8,36,1
101526,9,39,1
101526,4,55,1
101526,0,18,0
101448,10,44,1
101448,7,36,1
101448,3,55,1
101442,10,39,1
101442,7,36,1
101442,4,36,1
101439,11,21,0
101439,9,39,1
101439,7,21,0
101439,4,39,1
101526,11,34,0
101421,3,55,1
101421,1,55,0
101314,11,18,0
101314,0,18,0
101180,11,36,1
101180,9,18,0
101180,6,36,1
101180,4,36,1
101180,2,36,1
101109,11,21,0
101109,9,52,1
101109,4,44,1
101109,1,52,1
101652,7,18,0
101833,9,18,0
101833,8,18,0
101833,7,18,0
101654,11,18,0
101654,10,18,0
101654,9,18,0
101654,4,55,1
101654,3,18,0
101654,1,18,0
101653,11,21,0
101653,9,28,0
101653,3,42,1
101653,1,39,1
101105,10,57,1
101652,4,39,1
101652,0,36,1
101650,11,36,1
101650,9,36,1
101650,4,36,1
101650,1,36,0
101647,11,36,1
101647,3,21,0
101647,2,21,0
101643,10,36,1
101643,9,36,0
101643,6,36,1
101643,4,18,0
100913,1,71,0
100980,10,42,1
100980,7,28,0
100980,4,68,1
100976,11,21,0
100976,9,39,1
100976,7,21,0
100976,4,39,1
100967,11,36,1
100967,9,36,1
100967,6,36,1
100967,1,36,0
100963,9,31,0
100963,6,36,1
101014,0,36,1
100816,11,21,0
100816,8,36,1
100816,6,36,1
100816,4,39,1
100784,11,36,1
100784,8,36,1
100784,5,36,1
100784,1,21,0
100783,9,36,1
100783,4,44,1
100783,1,36,1
100775,11,36,1
100775,5,36,1
101040,11,36,1
101105,8,36,1
101105,4,57,1
101105,1,39,0
101103,11,26,0
101103,7,36,1
101103,5,36,0
101103,2,39,1
101103,1,18,0
101090,11,36,1
101090,4,55,1
101090,0,18,0
101051,6,36,1
101051,3,39,1
101833,10,73,1
101040,10,18,0
101040,8,36,1
101040,3,36,1
101039,8,36,1
101039,4,49,1
101019,11,26,0
101019,9,28,0
101019,4,55,1
101019,1,26,0
101014,9,36,1
101014,7,18,0
101014,3,18,0
101014,1,39,0
102837,0,36,1
102897,10,18,0
102897,7,36,1
102897,6,36,0
102897,1,18,0
102858,9,18,0
102858,7,36,1
102858,2,18,0
102858,0,18,0
102848,11,18,0
102848,8,36,1
102848,5,36,1
102837,10,36,1
102837,8,36,1
102897,11,18,0
102832,9,44,1
102832,7,36,1
102832,4,36,1
102812,9,44,1
102812,4,26,0
102812,1,68,1
102749,11,28,0
102749,10,28,0
102749,6,36,1
102749,4,36,1
102749,0,36,1
102747,5,36,1
102747,0,21,0
103630,4,44,1
104511,11,36,1
104511,9,36,1
104511,7,36,1
104511,1,36,0
104304,9,39,1
104304,6,36,1
104239,11,36,1
104239,8,26,0
104239,6,36,1
104239,2,26,0
103630,11,36,1
103630,9,42,1
103630,7,36,0
102743,0,36,1
103630,0,39,0
103531,9,55,1
103531,3,42,1
103432,9,57,1
103432,3,55,1
103432,1,31,0
103167,7,36,1
103167,5,36,1
103167,3,39,1
103165,10,36,1
103165,3,28,0
103165,1,55,1
103054,5,31,0
101938,11,28,0
101981,7,36,1
101979,9,60,1
101979,6,36,1
101979,0,36,0
101978,7,36,1
101978,4,18,0
101978,2,36,1
101978,0,36,1
101977,6,36,1
101974,9,36,1
101974,6,36,1
101974,0,36,1
101942,3,36,1
102063,0,36,1
101938,7,26,0
101938,4,18,0
101938,0,28,0
101911,11,36,1
101911,3,52,1
101911,1,26,0
101910,9,73,1
101910,5,36,1
101910,2,36,1
101910,0,71,0
101909,9,73,1
101909,3,34,0
101909,0,18,0
102383,7,36,1
102740,10,39,1
102740,2,26,0
102697,8,28,0
102697,4,28,0
102520,9,73,1
102520,5,36,1
102483,11,18,0
102483,10,36,1
102483,5,36,1
102483,3,73,0
102483,2,21,0
102483,0,36,1
102383,11,36,1
100775,3,39,1
102383,4,73,1
102206,9,47,1
102206,4,39,1
102206,1,39,1
102205,7,36,1
102205,3,60,1
102205,0,26,0
102204,4,55,1
102194,11,36,1
102194,7,18,0
102194,0,18,0
102063,7,36,1
102063,2,36,1
99928,4,31,0
99977,3,36,0
99977,1,18,0
99949,11,36,1
99949,5,36,1
99949,3,18,0
99949,2,18,0
99943,8,36,1
99943,0,39,1
99930,9,39,1
99930,4,21,0
99930,2,73,1
99930,0,18,0
99928,11,36,1
99977,5,36,1
99923,9,36,1
99923,2,21,0
99923,0,55,1
99779,11,36,1
99779,9,39,0
99779,4,36,1
99779,1,36,1
99740,10,18,0
99740,9,18,0
99740,6,36,1
99740,5,18,0
99740,2,18,0
99740,0,36,1
100035,4,36,1
100073,4,52,1
100073,2,36,1
100073,0,39,1
100071,1,21,0
100053,11,36,1
100053,3,36,1
100053,2,36,0
100053,0,36,1
100036,11,36,1
100036,8,36,1
100036,3,55,1
100035,11,18,0
100035,9,18,0
99730,11,36,1
100035,2,36,1
100033,11,26,0
100033,4,36,1
100033,2,36,1
100033,0,26,0
99979,11,36,1
99979,9,36,1
99979,7,36,1
99978,11,21,0
99978,5,36,1
99978,1,71,1
99977,11,18,0
99977,10,36,1
99618,9,47,1
99657,10,18,0
99657,9,21,0
99657,2,39,1
99657,1,18,0
99656,10,47,1
99656,9,18,0
99656,6,36,1
99656,4,47,1
99656,2,39,1
99653,11,21,0
99653,8,36,1
99653,1,73,1
99618,10,49,0
99658,1,36,1
99618,8,34,0
99618,3,28,0
99602,8,36,1
99602,5,36,1
99602,1,47,1
99569,11,26,0
99569,9,63,1
99569,6,36,1
99569,0,26,0
99559,6,23,0
99486,11,26,0
99486,8,36,1
99486,6,36,1
99674,11,21,0
99730,8,36,1
99730,6,36,1
99730,4,39,0
99706,9,39,1
99706,4,36,1
99706,0,39,1
99704,10,55,1
99704,4,39,1
99704,2,55,0
99686,11,18,0
99686,9,55,1
99686,6,36,1
99686,0,18,0
100073,9,36,0
99674,6,36,1
99674,3,36,1
99674,0,36,1
99673,10,21,0
99673,8,36,1
99673,6,21,0
99673,1,36,1
99659,10,36,1
99659,8,36,1
99659,3,26,0
99659,1,36,1
99658,11,36,1
99658,8,36,1
100600,9,36,1
100680,1,55,1
100672,0,60,1
100666,11,18,0
100666,9,34,0
100666,8,36,1
100666,4,18,0
100666,2,55,1
100632,10,39,1
100632,4,55,1
100632,1,36,0
100626,7,36,1
100626,4,18,0
100626,2,21,0
100680,8,36,1
100600,4,57,1
100600,2,21,0
100600,0,36,1
100599,10,73,1
100599,8,28,0
100599,5,18,0
100599,2,31,0
100599,0,36,1
100586,10,18,0
100586,9,36,1
100586,7,36,0
100586,1,36,1
100583,10,21,0
100755,2,47,1
100767,10,52,1
100767,7,36,0
100767,1,34,0
100760,9,55,1
100760,6,36,1
100760,3,36,1
100757,10,36,1
100757,4,39,1
100757,1,36,1
100756,9,39,1
100756,2,34,0
100755,11,36,1
100755,8,36,1
100583,9,21,0
100748,8,36,1
100748,3,42,1
100748,0,39,1
100746,11,23,0
100746,9,36,1
100746,3,49,1
100746,0,36,1
100714,11,36,1
100714,1,49,1
100682,11,36,1
100682,9,23,0
100682,6,36,1
100682,0,39,1
100213,2,36,1
100338,3,28,0
100338,0,31,0
100335,9,65,1
100335,3,73,1
100311,10,36,1
100311,7,36,0
100311,1,36,1
100300,10,36,1
100300,8,36,1
100300,3,18,0
100300,0,36,1
100213,10,21,0
100213,8,36,1
100338,8,36,1
100213,0,39,1
100159,11,18,0
100159,10,36,1
100159,4,36,1
100159,1,18,0
100159,0,18,0
100129,11,36,1
100129,10,21,0
100129,9,21,0
100129,3,21,0
100129,1,57,1
100076,3,57,1
100076,1,73,1
100365,0,39,1
100583,7,36,1
100583,4,21,0
100583,3,21,0
100583,2,21,0
100583,0,21,0
100542,9,39,1
100542,7,36,1
100542,0,36,1
100525,11,36,1
100525,5,36,1
100525,1,39,1
100377,9,36,1
100377,8,36,0
99486,4,28,0
100361,4,39,1
100361,0,39,1
100354,10,55,1
100354,9,28,0
100354,5,36,1
100344,7,36,1
100344,0,63,1
100340,9,65,1
100340,7,36,0
100339,9,55,1
100339,2,55,1
100339,0,36,1
100338,11,36,1
15145,4,36,1
15204,10,36,1
15204,6,36,1
15204,2,36,1
15176,7,36,0
15176,4,36,1
15176,1,36,1
15175,9,36,1
15175,5,36,1
15175,3,36,1
15175,1,36,0
15152,9,71,1
15152,4,36,1
15152,1,36,1
15216,2,68,1
15145,1,73,1
15121,9,68,1
15121,3,36,1
15121,1,36,1
15105,11,36,1
15105,7,36,1
15105,4,55,1
15105,2,36,1
15078,4,36,1
15078,3,18,0
15078,1,68,1
15074,7,36,1
85192,10,73,1
85348,11,36,1
85348,8,36,1
85348,6,36,0
85348,3,55,1
85204,10,39,1
85204,3,42,1
85204,0,60,0
85195,10,36,1
85195,5,36,1
85195,3,36,1
85194,5,18,0
85194,3,42,1
15074,3,42,1
85192,6,36,0
33717,9,71,1
33717,6,36,1
33717,3,42,0
15341,9,36,1
15341,3,73,1
15341,0,39,1
15326,11,36,1
15326,5,21,0
15326,4,18,0
15326,2,39,1
15216,7,39,0
13527,1,39,1
13833,8,31,0
13833,6,36,1
13833,4,36,1
13825,9,47,1
13825,3,73,1
13669,8,26,0
13669,5,36,1
13669,1,60,1
13602,9,73,1
13602,5,36,1
13602,3,21,0
13527,7,36,1
13833,10,26,0
13512,11,36,1
13512,8,36,1
13512,2,44,1
13477,5,31,0
13477,4,31,0
13477,1,57,1
12556,11,36,1
12556,4,36,1
12556,1,55,1
12539,11,28,0
12539,10,36,1
12539,3,39,1
14135,5,18,0
15074,1,36,0
15055,9,47,1
15055,3,52,1
15055,1,47,1
15030,9,31,0
15030,8,28,0
15030,3,42,1
15030,2,28,0
14196,8,36,1
14196,7,36,0
14196,5,36,0
14135,7,26,0
85352,0,18,0
14135,4,36,1
14135,2,36,1
13895,10,39,1
13895,4,36,1
13895,0,55,0
13889,6,36,1
13889,3,39,1
13889,0,31,0
13853,11,36,1
13853,8,36,1
13853,4,57,1
13837,8,36,1
87694,7,36,1
90469,2,31,0
89549,10,68,1
89549,2,57,1
89549,1,21,0
88282,9,28,0
88282,8,18,0
88282,4,28,0
88282,2,71,1
87874,10,26,0
87874,8,31,0
87874,4,26,0
87874,0,26,0
87694,10,73,1
90469,3,42,1
87694,4,73,1
87694,0,23,0
86661,11,36,1
86661,4,36,1
86661,1,55,1
86530,7,36,0
86530,4,57,1
86530,1,39,1
86517,10,36,1
86517,4,36,1
86517,2,36,1
86517,0,36,0
90769,9,36,1
92536,7,36,1
92536,4,36,1
92536,2,36,1
92536,0,36,1
92524,11,18,0
92524,8,36,1
92524,5,36,0
92524,1,18,0
92524,0,18,0
92476,9,42,1
92476,6,21,0
92476,4,39,1
3404,1,60,1
90769,8,36,0
90769,4,18,0
90769,1,26,0
90628,10,73,1
90538,11,26,0
90538,9,63,1
90538,7,21,0
90538,2,31,0
90503,9,42,1
90503,6,36,1
90469,11,36,1
90469,9,31,0
85582,0,44,1
85588,3,36,1
85588,0,36,1
85586,11,36,1
85586,9,39,1
85586,3,39,1
85586,0,39,0
85583,5,36,1
85583,3,42,1
85583,0,36,1
85582,8,36,1
85582,6,36,0
85582,3,39,1
85588,6,36,0
85436,11,36,1
85436,0,73,1
85434,10,28,0
85434,4,44,1
85434,1,39,1
85396,11,18,0
85396,5,36,1
85396,3,26,0
85396,1,44,1
85352,9,26,0
85352,8,28,0
85352,2,60,1
86440,10,36,1
86514,2,34,0
86514,1,39,1
86498,8,36,1
86498,2,55,1
86498,0,36,1
86484,11,21,0
86484,9,65,1
86484,4,73,1
86484,3,39,0
86484,1,21,0
86480,4,21,0
86480,1,44,1
12539,0,42,0
86440,4,36,0
86439,9,55,1
86439,6,36,0
86439,0,36,1
85635,10,42,1
85635,8,36,1
85635,2,28,0
85635,1,36,1
85591,9,39,1
85591,2,28,0
85590,11,36,1
85590,1,73,1
5985,0,18,0
10922,11,36,1
10922,7,36,0
10922,4,39,1
10922,1,36,1
6027,11,36,1
6027,5,26,0
6027,3,42,1
6027,1,49,0
5995,10,73,1
5995,6,36,1
5985,11,31,0
5985,7,36,1
5985,1,42,1
11660,1,36,1
5967,9,73,1
5967,1,68,0
5952,11,36,1
5952,4,57,1
5952,1,44,1
5946,10,39,1
5946,7,36,1
5946,1,39,1
5945,10,63,1
5945,8,36,1
5945,2,21,0
5937,11,36,1
11831,5,36,1
11886,10,73,1
11886,6,36,0
11886,3,73,1
11886,1,65,0
11878,9,36,1
11878,3,39,1
11878,0,36,1
11873,5,36,1
11873,1,39,0
11839,10,39,1
11839,4,36,1
11839,0,36,1
5937,9,36,1
11831,2,57,1
11788,11,36,1
11788,9,55,1
11788,8,18,0
11788,3,36,1
11788,0,55,0
11708,9,36,1
11708,7,18,0
11708,4,36,0
11708,0,36,1
11660,8,36,1
11660,6,36,0
3603,0,49,1
3803,4,39,1
3803,1,39,1
3800,10,72,1
3800,8,36,1
3800,5,26,0
3800,3,18,0
3800,2,36,1
3773,11,36,1
3773,6,36,0
3773,3,39,1
3603,9,49,1
3603,7,36,0
3803,10,31,0
3546,8,36,1
3546,7,36,0
3546,6,36,1
3546,4,34,0
3546,1,36,1
3432,4,60,1
3432,1,60,0
3431,10,73,1
3431,8,36,1
3431,6,21,0
3404,9,39,1
3404,4,60,0
5722,2,36,1
5937,6,36,1
5904,8,21,0
5904,3,36,1
5903,10,65,1
5903,7,31,0
5903,5,36,1
5901,11,36,1
5901,9,36,1
5901,3,39,1
5901,1,39,0
5722,9,36,1
5722,7,36,0
12147,2,39,1
5721,9,31,0
5721,7,47,0
5721,2,36,1
5017,10,39,1
5017,4,55,1
4921,11,18,0
4921,7,18,0
4921,4,36,1
4921,1,73,1
4905,11,36,1
4905,4,42,1
4905,1,42,1
12435,2,39,1
12475,4,63,1
12464,9,73,1
12464,3,39,1
12464,1,39,0
12461,10,26,0
12461,8,36,1
12461,4,26,0
12461,1,31,0
12461,0,26,0
12435,11,36,1
12435,8,21,0
12435,4,39,0
12475,8,36,1
12396,7,36,0
12396,4,31,0
12394,10,36,1
12394,4,36,0
12394,1,73,1
12392,9,52,1
12392,7,36,0
12392,4,39,0
12392,2,39,1
12375,10,28,0
12375,4,52,0
12375,1,49,1
12484,4,18,0
12535,10,73,1
12535,7,36,1
12535,1,23,0
12535,0,21,0
12496,10,42,1
12496,2,42,1
12496,0,42,0
12491,9,18,0
12491,4,36,0
12491,2,39,1
12491,0,44,1
12484,10,39,1
12372,10,39,1
12484,3,39,1
12484,0,39,1
12483,11,36,1
12483,4,55,1
12483,2,21,0
12482,9,55,1
12482,7,36,0
12482,0,36,1
12480,11,21,0
12480,8,36,1
12480,0,39,1
12478,8,36,1
12269,11,31,0
12312,10,21,0
12312,8,36,1
12312,4,39,0
12309,11,36,1
12309,4,44,0
12309,1,44,1
12307,9,52,1
12307,3,34,0
12307,2,28,0
12300,11,36,1
12300,8,36,1
12300,0,36,1
12328,1,18,0
12269,9,36,1
12269,3,55,1
12258,11,18,0
12258,10,36,1
12258,9,18,0
12258,4,36,1
12258,2,36,1
12179,11,36,1
12179,5,36,1
12179,1,39,1
12147,8,36,0
12147,4,39,1
12365,0,28,0
12372,7,36,0
12372,5,36,1
12372,2,21,0
12372,1,34,0
12369,11,28,0
12369,10,26,0
12369,7,36,0
12369,2,36,1
12369,0,26,0
12365,8,36,1
12365,6,36,0
12365,1,36,1
92536,9,18,0
12364,9,42,1
12364,7,36,1
12364,3,36,1
12364,1,36,0
12332,9,36,1
12332,8,36,0
12332,2,36,1
12332,1,36,0
12328,11,21,0
12328,9,26,0
12328,6,36,0
12328,3,47,1
97177,4,18,0
97250,3,36,0
97240,11,36,1
97240,7,36,0
97240,2,47,1
97239,9,55,1
97239,7,36,1
97239,4,36,1
97239,3,18,0
97186,8,36,0
97186,2,18,0
97186,0,18,0
97177,11,36,1
97177,6,36,0
97250,9,39,0
97157,11,36,1
97157,9,18,0
97157,4,18,0
97157,3,18,0
97157,1,39,1
97154,10,55,1
97154,4,36,0
97154,1,36,1
97153,10,36,1
97153,4,36,0
97153,1,36,1
97152,10,42,1
97278,6,36,1
97446,8,36,1
97446,4,57,0
97378,10,52,0
97378,8,36,1
97377,10,26,0
97377,3,65,1
97377,0,57,1
97300,10,55,0
97300,5,36,1
97300,2,36,1
97278,11,36,1
97278,10,36,0
97152,7,36,0
97278,1,55,1
97265,11,36,1
97265,9,36,0
97265,7,36,0
97262,10,42,0
97262,7,36,0
97262,4,42,0
97252,8,36,1
97252,4,39,1
97252,2,44,1
97252,0,39,0
97250,11,36,1
96622,6,36,1
96801,4,42,1
96801,1,42,1
96776,10,36,1
96776,9,28,0
96776,3,36,1
96776,1,36,1
96745,4,73,1
96745,3,18,0
96630,9,36,1
96630,5,36,1
96630,2,36,1
96622,10,55,1
96801,10,39,1
96620,11,26,0
96620,8,39,0
96620,7,26,0
96620,3,26,0
96620,0,107,1
96464,10,21,0
96464,4,55,0
96464,3,21,0
96464,0,49,1
96463,11,36,1
96463,8,36,0
96463,2,26,0
97043,9,39,0
97152,4,44,0
97111,11,36,1
97111,8,28,0
97111,2,42,1
97099,5,36,1
97099,3,39,1
97099,0,47,0
97097,11,36,1
97097,9,36,0
97097,3,18,0
97097,1,18,0
97097,0,18,0
97447,1,36,1
97043,3,42,1
97043,0,26,0
96968,11,21,0
96968,9,36,1
96968,6,36,0
96968,1,55,1
96806,9,73,1
96806,1,73,1
96804,11,18,0
96804,9,39,1
96804,4,39,0
96804,0,36,1
97854,9,57,1
97902,0,36,1
97900,11,36,1
97900,7,36,0
97900,4,39,0
97900,2,42,1
97898,11,18,0
97898,8,36,0
97898,6,36,0
97898,3,36,1
97898,0,26,0
97856,11,36,1
97856,9,55,0
97856,2,55,1
97902,7,36,0
97854,6,36,0
97854,2,39,1
97854,0,39,1
97831,11,36,1
97831,8,18,0
97831,5,18,0
97831,2,28,0
97831,1,28,0
97795,8,36,1
97795,1,39,1
97792,9,36,1
97792,5,36,1
97945,10,26,0
98104,1,28,0
98080,11,21,0
98080,10,21,0
98080,9,21,0
98080,7,21,0
98080,3,21,0
98080,1,39,1
97948,11,36,1
97948,10,18,0
97948,3,55,1
97948,1,36,1
97945,11,18,0
97792,3,44,1
97945,5,36,1
97945,3,28,0
97945,1,18,0
97919,11,36,1
97919,9,18,0
97919,6,36,1
97919,0,36,1
97917,10,39,0
97917,8,36,0
97917,3,55,0
97917,1,18,0
97902,9,55,0
97553,1,55,1
97753,9,39,1
97753,6,36,1
97753,1,42,1
97752,9,49,1
97752,7,23,0
97752,3,18,0
97752,1,36,1
97557,8,36,0
97557,5,36,1
97557,2,52,1
97553,10,55,0
97553,7,36,0
97753,10,18,0
97552,9,44,1
97552,6,23,0
97552,4,44,0
97467,11,36,1
97467,8,36,0
97467,1,42,1
97457,8,36,1
97457,3,36,1
97447,11,36,1
97447,9,18,0
97447,4,26,0
97447,3,26,0
97785,7,36,1
97792,1,28,0
97791,10,21,0
97791,9,36,0
97791,4,23,0
97791,2,23,0
97791,0,23,0
97787,9,42,1
97787,8,36,0
97787,5,28,0
97787,3,18,0
97787,0,28,0
97785,10,57,1
96463,0,39,1
97785,1,36,1
97784,6,36,1
97784,3,55,1
97784,1,36,1
97762,11,18,0
97762,9,18,0
97762,4,36,1
97762,2,36,1
97762,1,36,0
97759,11,36,1
97759,9,42,1
97759,2,73,0
93903,2,36,1
94153,9,28,0
94153,4,34,0
94153,2,36,1
94150,11,36,1
94150,8,21,0
94150,5,31,0
94045,10,36,1
94045,4,36,1
94045,2,36,1
94045,0,36,0
93903,10,36,1
93903,5,18,0
93903,3,18,0
94153,10,28,0
93903,0,36,1
93629,10,52,1
93629,4,57,1
93629,1,36,1
93621,9,73,1
93621,1,63,1
93614,9,60,1
93614,2,73,0
93451,11,23,0
93451,9,39,1
93451,7,28,0
93451,5,28,0
94360,1,18,0
94514,1,36,1
94498,11,36,1
94498,7,36,1
94470,11,26,0
94470,9,49,1
94470,2,49,1
94433,10,55,1
94433,8,31,0
94433,5,36,1
94360,11,18,0
94360,10,18,0
94360,8,36,1
93451,1,21,0
94360,0,18,0
94359,11,18,0
94359,9,36,1
94359,3,36,1
94359,1,36,1
94337,9,73,1
94337,4,39,0
94191,11,28,0
94191,9,39,1
94191,7,36,1
94191,2,21,0
94191,1,28,0
92887,6,36,1
93187,4,42,1
93187,1,36,1
93149,9,34,0
93149,7,34,0
93149,5,31,0
93149,2,21,0
93149,1,18,0
92953,7,36,1
92953,2,36,0
92887,11,18,0
92887,10,44,1
92887,8,23,0
93187,10,68,1
92884,9,57,1
92884,6,36,1
92884,0,23,0
92726,10,26,0
92726,8,36,1
92726,6,28,0
92726,3,39,1
92726,0,26,0
92553,9,36,1
92553,7,36,1
92553,5,36,1
92553,4,39,0
93332,3,18,0
93451,0,18,0
93405,9,57,1
93405,6,21,0
93405,4,39,1
93401,11,26,0
93401,9,39,1
93401,4,39,0
93401,3,39,0
93332,11,18,0
93332,10,18,0
93332,9,18,0
93332,4,36,1
94514,9,55,1
93332,1,18,0
93332,0,18,0
93305,10,18,0
93305,9,36,1
93305,6,36,1
93305,2,18,0
93305,0,18,0
93284,9,73,1
93284,3,55,1
93284,0,23,0
93251,4,73,1
93251,0,73,1
96054,8,36,1
96249,2,36,1
96243,11,36,1
96243,9,36,1
96243,4,36,1
96243,2,36,0
96236,10,42,1
96236,9,31,0
96236,3,28,0
96236,2,18,0
96236,1,28,0
96236,0,18,0
96054,10,21,0
96249,5,36,1
96054,6,36,1
96054,4,18,0
96054,3,18,0
96054,0,18,0
95814,9,36,1
95814,7,36,1
95814,0,36,1
95786,10,39,0
95786,3,21,0
95786,1,21,0
95783,11,36,1
95783,9,26,0
96337,4,39,1
96361,11,21,0
96361,10,21,0
96361,9,21,0
96361,4,26,0
96361,2,21,0
96361,1,18,0
96361,0,18,0
96357,10,39,1
96357,4,36,1
96357,1,52,1
96337,11,34,0
96337,6,36,1
95783,7,26,0
96337,3,21,0
96276,9,39,1
96276,3,55,1
96276,2,26,0
96276,0,26,0
96250,11,21,0
96250,9,39,1
96250,3,55,1
96250,1,36,1
96249,11,18,0
96249,9,39,1
96249,8,21,0
94618,11,23,0
95054,1,23,0
95032,9,36,1
95032,3,36,1
95032,1,55,1
94947,10,47,1
94947,9,18,0
94947,4,18,0
94947,2,36,1
94947,0,26,0
94736,10,36,1
94736,4,36,1
94736,0,73,1
95054,7,36,1
94618,9,36,1
94618,8,36,0
94618,6,36,1
94618,4,18,0
94618,2,18,0
94618,0,18,0
94616,9,36,1
94616,8,21,0
94616,4,36,1
94616,2,39,1
94616,0,55,1
94514,11,36,1
95427,8,36,1
95783,2,36,1
95755,11,36,1
95755,9,39,1
95755,2,73,1
95744,8,36,1
95744,4,21,0
95744,1,52,1
95535,11,36,1
95535,9,18,0
95535,7,36,1
95535,1,18,0
95427,11,36,1
98104,3,21,0
95427,2,55,1
95318,11,36,1
95318,10,18,0
95318,8,18,0
95318,3,18,0
95318,1,36,1
95225,3,55,1
95192,10,18,0
95192,7,36,1
95192,5,34,0
95192,1,21,0
95054,10,52,1
