Employee,Rests amount,All hours,Shortage of vacations
3401,2,160,0
3402,2,160,0
3404,3,159,1
3405,2,160,0
3407,0,0,180
3425,2,180,0
3426,2,160,0
3427,4,144,16
3428,2,160,0
3430,2,160,0
3431,3,177,0
3432,2,138,22
3433,2,180,0
3434,2,180,0
3435,3,161,19
3437,2,180,0
3438,3,137,23
3439,2,180,0
3440,2,160,0
3441,2,160,0
3442,2,160,0
3443,2,160,0
3444,2,180,0
3446,2,160,0
3450,2,157,23
3453,2,144,16
3455,2,160,0
3456,2,180,0
3457,2,160,0
3459,2,180,0
3461,2,160,0
3464,2,180,0
3465,2,160,0
3468,2,160,0
3469,3,170,10
3470,2,160,0
3471,3,146,14
3472,0,0,160
3474,2,120,40
3475,3,164,16
3476,2,160,0
3477,2,160,0
3478,2,153,7
3479,2,180,0
3480,2,180,0
3481,2,160,0
3483,3,124,36
3484,2,180,0
3485,2,160,0
3486,3,183,0
3487,2,180,0
3490,4,160,20
3491,2,180,0
3492,2,160,0
3493,2,180,0
3495,2,180,0
3496,2,180,0
3499,3,111,49
3500,2,143,17
3501,2,179,0
3506,2,157,23
3507,2,160,0
3511,3,164,0
3512,2,160,0
3513,2,160,0
3514,2,160,0
3516,2,180,0
3517,3,145,35
3518,2,160,0
3519,2,180,0
3522,4,182,0
3525,3,169,11
3529,3,151,9
3532,2,160,0
3533,4,177,3
3534,2,160,0
3536,2,160,0
3537,2,160,0
3538,2,180,0
3539,2,180,0
3540,3,148,32
3541,2,160,0
3543,3,164,16
3544,2,160,0
3545,2,160,0
3546,3,108,52
3547,2,160,0
3548,2,160,0
3553,2,160,0
3554,2,160,0
3558,2,109,71
3561,2,180,0
3563,3,161,0
3564,2,160,0
3567,2,180,0
3569,2,160,0
3571,2,180,0
3572,2,180,0
3574,3,133,27
3575,2,160,0
3578,2,160,0
3579,2,180,0
3580,3,179,0
3583,4,180,0
3584,3,127,53
3585,2,180,0
3586,3,154,26
3587,2,180,0
3589,2,180,0
3602,2,180,0
3603,3,150,30
3604,2,160,0
3605,2,180,0
3606,3,153,27
3609,2,180,0
3610,2,180,0
3611,3,139,21
3612,2,180,0
3614,2,180,0
3615,2,160,0
3616,2,152,8
3617,2,160,0
3620,3,153,27
3621,2,160,0
3623,2,180,0
3624,2,180,0
3625,4,182,0
3626,2,160,0
3627,2,160,0
3628,2,146,14
3629,3,116,64
3631,2,160,0
3632,3,183,0
3634,2,160,0
3635,2,180,0
3637,2,180,0
3638,2,180,0
3639,2,160,0
3640,2,180,0
3641,2,180,0
3642,3,165,0
3643,2,180,0
3645,3,152,8
3718,2,100,0
3722,2,120,0
3727,2,180,0
3738,3,156,24
3739,2,180,0
3741,2,180,0
3744,3,135,45
3745,2,160,0
3768,2,180,0
3769,2,180,0
3773,3,153,0
3783,2,100,0
3791,2,160,0
3798,2,180,0
3800,3,144,0
3801,2,96,24
3803,3,151,29
4714,2,180,0
4717,2,120,0
4749,2,180,0
4758,2,180,0
4765,2,140,0
4778,2,160,0
4782,2,100,0
4786,0,0,160
4795,3,153,7
4799,3,161,19
4898,3,148,12
4901,2,120,0
4905,4,175,0
4919,0,0,180
4921,3,151,9
4933,3,145,15
5001,2,160,0
5002,0,0,160
5012,2,180,0
5014,2,160,0
5017,3,154,6
5020,3,164,16
5700,0,0,180
5701,4,178,0
5703,3,151,0
5704,3,161,0
5721,2,104,0
5722,2,72,48
5723,0,0,160
5901,4,147,33
5903,3,150,30
5904,2,109,71
5916,2,116,44
5930,2,180,0
5936,2,180,0
5937,4,163,17
5944,2,160,0
5945,3,162,18
5946,4,182,0
5948,2,160,0
5952,4,179,1
5967,2,122,38
5974,2,180,0
5981,2,160,0
5985,3,133,47
5989,2,180,0
5995,3,182,0
5997,2,180,0
6015,2,160,0
6018,2,160,0
6027,3,146,34
10196,0,0,180
10282,3,148,12
10287,2,160,0
10394,3,156,4
10508,2,158,2
10922,3,111,9
11092,2,135,25
11501,2,160,0
11507,2,160,0
11509,2,160,0
11511,4,157,3
11512,4,156,4
11516,2,160,0
11517,4,182,0
11518,4,184,0
11519,2,160,0
11521,3,145,15
11522,2,160,0
11523,3,127,33
11524,2,112,48
11526,4,181,0
11527,2,160,0
11528,3,164,16
11529,4,181,0
11531,2,136,24
11533,4,181,0
11534,2,160,0
11536,2,160,0
11538,2,160,0
11540,2,160,0
11541,2,153,7
11546,4,163,0
11548,3,153,7
11549,2,160,0
11551,2,160,0
11552,2,128,32
11555,2,160,0
11557,4,181,0
11560,4,163,0
11562,2,160,0
11563,2,160,0
11564,4,182,0
11565,2,160,0
11567,2,160,0
11569,2,160,0
11570,2,160,0
11571,3,127,33
11573,3,151,9
11576,2,160,0
11577,2,180,0
11578,2,160,0
11579,3,145,15
11580,3,145,15
11581,2,160,0
11582,2,154,6
11583,4,171,0
11584,2,160,0
11585,2,153,7
11591,4,181,0
11592,4,144,16
11593,2,180,0
11594,2,154,6
11595,3,177,0
11596,2,72,88
11597,2,160,0
11599,2,160,0
11600,3,152,8
11601,2,160,0
11602,3,145,15
11603,2,160,0
11604,2,160,0
11606,4,181,0
11607,2,160,0
11609,4,182,0
11611,3,152,8
11613,2,160,0
11614,3,124,36
11615,2,160,0
11618,2,126,54
11619,2,160,0
11621,3,164,16
11623,2,160,0
11624,2,160,0
11625,2,160,0
11626,3,151,0
11631,2,160,0
11632,4,168,0
11633,3,153,7
11634,4,181,0
11635,2,160,0
11636,3,127,33
11639,3,180,0
11640,3,132,28
11644,2,140,0
11645,2,180,0
11647,2,180,0
11651,4,182,0
11657,2,140,0
11660,3,135,0
11668,2,109,51
11669,3,164,0
11671,4,182,0
11673,3,111,49
11676,2,180,0
11678,2,153,7
11685,3,175,5
11691,4,169,0
11695,2,160,0
11703,3,148,12
11707,3,148,12
11708,3,127,0
11709,2,115,65
11712,2,160,0
11714,2,160,0
11715,3,108,52
11716,2,154,26
11717,2,160,0
11718,2,160,0
11719,2,119,41
11722,3,151,9
11725,2,130,30
11726,2,160,0
11727,4,163,0
11728,2,119,41
11729,2,153,7
11730,3,151,9
11731,3,153,7
11736,2,160,0
11737,2,110,50
11742,2,130,30
11743,2,160,0
11745,3,158,2
11754,2,160,0
11756,3,167,0
11760,4,166,0
11771,2,160,0
11788,4,163,17
11791,3,182,0
11798,2,160,0
11800,3,111,49
11801,4,181,0
11802,2,160,0
11803,3,182,0
11804,2,122,38
11805,3,167,0
11806,2,116,44
11807,2,160,0
11808,2,160,0
11809,2,160,0
11810,2,128,12
11811,2,160,0
11812,3,135,25
11813,3,148,12
11814,2,160,0
11815,3,182,0
11816,4,181,0
11817,3,146,34
11819,2,160,0
11820,2,160,0
11822,3,153,7
11823,3,182,0
11824,4,182,0
11825,2,160,0
11826,3,135,25
11827,2,160,0
11828,2,160,0
11829,2,160,0
11830,3,180,0
11831,3,161,0
11832,2,160,0
11833,2,149,0
11834,2,180,0
11835,3,124,36
11836,2,160,0
11837,2,160,0
11838,4,182,0
11839,4,171,0
11840,1,149,31
11841,2,160,0
11842,2,140,0
11844,2,120,40
11845,2,160,0
11846,4,163,0
11848,3,148,12
11850,4,163,0
11852,3,182,0
11853,2,160,0
11855,4,183,0
11856,2,160,0
11857,2,160,0
11858,3,123,37
11859,2,160,0
11860,2,160,0
11861,3,148,12
11862,2,133,27
11863,2,148,12
11864,2,160,0
11865,2,160,0
11866,3,151,9
11867,2,160,0
11868,2,160,0
11869,3,164,0
11870,2,160,0
11871,2,126,34
11872,3,148,12
11873,2,109,11
11874,2,160,0
11875,3,167,0
11876,3,146,14
11878,4,153,0
11880,2,160,0
11881,2,180,0
11882,3,150,10
11883,4,174,0
11884,2,160,0
11885,2,160,0
11886,2,146,0
11887,4,184,0
11888,3,145,15
11953,2,140,0
12015,2,180,0
12102,2,140,0
12103,2,160,0
12104,4,158,2
12111,4,182,0
12112,4,144,0
12113,2,180,0
12114,2,180,0
12115,2,180,0
12119,2,180,0
12120,2,180,0
12124,2,140,0
12125,0,0,180
12126,4,182,0
12127,2,160,0
12128,2,180,0
12129,3,145,35
12130,3,150,10
12131,4,147,13
12134,2,140,0
12135,4,181,0
12136,3,169,11
12137,4,182,0
12138,3,111,69
12139,3,164,0
12140,3,135,5
12141,2,112,48
12143,3,151,9
12147,3,154,26
12149,4,181,0
12150,2,180,0
12151,3,135,25
12153,3,125,35
12155,3,159,21
12157,2,160,0
12162,2,180,0
12163,2,160,0
12164,4,166,0
12166,3,182,0
12168,2,114,46
12169,2,160,0
12170,2,124,36
12173,2,180,0
12174,4,170,0
12177,2,160,0
12178,2,180,0
12179,4,163,0
12181,2,160,0
12182,2,160,0
12185,3,169,0
12187,2,140,0
12188,2,180,0
12190,2,160,0
12191,4,181,0
12194,2,180,0
12195,2,180,0
12196,2,160,0
12197,2,160,0
12198,4,174,0
12199,3,153,0
12200,2,180,0
12201,3,174,0
12202,2,160,0
12203,3,153,0
12204,2,160,0
12206,3,153,7
12207,2,140,0
12208,2,140,0
12209,2,160,0
12210,4,182,0
12214,2,160,0
12215,3,142,0
12216,2,157,3
12217,2,160,0
12218,2,160,0
12219,4,184,0
12220,2,160,0
12221,2,180,0
12222,3,117,43
12223,4,184,0
12225,2,160,0
12226,2,109,51
12228,2,160,0
12229,2,180,0
12230,3,182,0
12239,2,160,0
12243,2,160,0
12245,2,126,34
12246,3,179,0
12247,2,160,0
12248,4,163,0
12249,4,174,0
12250,2,140,0
12253,2,180,0
12256,0,0,180
12257,3,151,9
12258,4,144,16
12259,3,160,0
12260,3,151,0
12261,2,160,0
12263,2,160,0
12264,3,164,0
12267,2,160,0
12268,2,140,0
12269,3,130,50
12270,2,140,0
12271,2,140,0
12272,3,151,9
12273,3,162,18
12274,2,160,0
12276,0,0,180
12277,3,182,0
12278,4,181,0
12280,2,72,88
12282,2,140,0
12287,3,148,0
12289,2,120,20
12292,3,182,0
12293,3,177,0
12295,3,182,0
12297,4,181,0
12300,4,163,0
12301,3,171,0
12302,2,154,0
12305,2,133,27
12306,2,120,0
12307,3,184,0
12309,3,135,0
12310,4,182,0
12311,2,180,0
12312,2,112,8
12313,2,180,0
12314,2,140,0
12316,3,145,35
12317,3,145,35
12318,0,0,180
12319,2,180,0
12320,2,160,0
12321,2,160,0
12324,2,160,0
12328,2,83,37
12330,2,180,0
12331,3,169,0
12332,3,108,72
12333,2,140,0
12335,3,182,0
12336,4,181,0
12338,2,160,0
12339,2,160,0
12340,2,180,0
12341,2,180,0
12342,3,159,1
12343,3,127,53
12344,0,0,180
12346,3,154,26
12347,3,153,27
12349,3,182,0
12352,2,160,0
12353,2,180,0
12355,2,180,0
12356,2,163,17
12357,2,160,0
12359,3,183,0
12361,2,109,31
12362,3,182,0
12363,2,180,0
12364,4,150,30
12365,3,150,0
12366,2,160,0
12368,2,160,0
12369,2,72,48
12370,2,180,0
12371,2,160,0
12372,2,75,45
12373,2,160,0
12375,2,106,14
12376,4,181,0
12377,3,183,0
12379,3,145,15
12382,4,182,0
12383,4,179,0
12384,2,160,0
12385,3,146,14
12386,2,160,0
12387,2,175,5
12388,2,180,0
12389,3,165,0
12390,2,160,0
12391,3,127,33
12392,2,91,29
12393,3,182,0
12394,3,145,0
12395,3,145,15
12396,2,125,0
12397,3,146,34
12398,3,169,0
12399,2,159,0
12400,3,146,34
12401,2,180,0
12404,3,146,14
12406,2,180,0
12407,2,180,0
12408,4,156,24
12409,3,127,33
12410,2,114,46
12411,2,180,0
12412,4,163,17
12413,2,160,0
12415,3,156,4
12416,2,180,0
12417,2,180,0
12418,3,151,9
12419,2,140,0
12420,2,160,0
12421,3,178,2
12422,2,160,0
12423,2,180,0
12424,2,180,0
12426,2,180,0
12428,2,166,0
12429,2,160,0
12430,4,171,0
12431,0,0,180
12432,2,180,0
12434,3,168,12
12435,3,132,0
12437,2,140,0
12438,2,180,0
12441,2,160,0
12442,3,164,0
12443,3,148,32
12444,2,140,0
12445,2,160,0
12447,4,182,0
12448,2,180,0
12450,4,182,0
12451,2,160,0
12454,2,122,38
12455,2,140,0
12456,3,169,0
12458,3,164,0
12459,2,128,32
12460,2,140,0
12461,3,162,18
12462,2,141,39
12463,3,165,0
12464,3,148,0
12465,2,140,0
12466,4,163,0
12467,4,181,0
12469,2,180,0
12471,3,108,52
12472,2,180,0
12473,3,145,15
12475,3,172,8
12477,2,180,0
12478,2,109,11
12480,3,132,0
12481,4,176,0
12482,3,146,0
12483,3,167,13
12484,4,174,0
12485,2,160,0
12487,4,166,0
12488,1,50,50
12489,2,180,0
12491,3,140,0
12493,4,184,0
12494,2,109,71
12495,2,122,38
12496,3,168,0
12497,3,169,0
12498,2,160,0
12499,2,160,0
12500,2,160,0
12501,4,171,0
12503,2,161,0
12504,3,148,0
12505,2,160,0
12507,2,160,0
12508,2,115,45
12509,2,160,0
12510,3,119,41
12511,1,60,60
12512,4,184,0
12513,3,156,4
12515,3,158,2
12522,2,151,9
12523,2,140,0
12526,2,100,0
12528,3,157,0
12531,4,181,0
12532,4,168,0
12535,3,151,29
12536,2,132,28
12537,2,160,0
12539,3,143,0
12541,3,141,19
12543,2,160,0
12544,3,137,3
12545,3,154,6
12546,3,164,0
12551,2,140,0
12556,4,182,0
12559,3,160,0
12560,4,182,0
12563,2,160,0
12564,3,145,15
12565,4,167,0
12566,2,160,0
12567,3,148,0
12568,2,180,0
12571,0,0,180
12577,2,110,50
12584,3,114,46
12586,3,182,0
12587,3,127,33
12588,2,180,0
12589,3,164,0
12590,2,160,0
12591,4,163,0
12594,2,140,0
12595,2,180,0
12596,4,152,8
12597,4,182,0
12600,2,180,0
12601,2,180,0
12602,2,160,0
12606,3,149,11
12607,2,160,0
12612,2,180,0
12617,3,145,35
12618,2,180,0
12619,2,157,0
12624,3,114,46
12626,2,160,0
12627,2,160,0
12629,3,137,43
12630,2,160,0
12631,3,161,0
12634,2,161,0
12641,2,117,43
12643,3,135,25
12644,3,149,0
12649,2,160,0
12654,3,145,35
12655,2,180,0
12663,2,125,35
12672,4,179,0
12676,2,140,0
12689,3,155,0
12697,2,180,0
12703,0,0,180
12704,2,112,48
12726,2,180,0
12729,2,140,0
12736,3,158,22
12745,2,141,0
12756,2,160,0
12762,3,126,14
12766,3,127,33
12767,2,160,0
12770,3,174,0
12777,0,0,180
12779,4,182,0
12805,2,160,0
12806,2,180,0
12811,2,160,0
12819,3,124,36
12824,2,180,0
12827,2,160,0
12834,2,180,0
12838,0,0,180
12839,2,160,0
12840,3,136,24
12843,2,140,0
12844,3,149,11
12846,2,134,26
12847,2,160,0
12848,2,160,0
12850,3,182,0
12852,2,160,0
12853,2,140,0
12903,2,160,0
12904,3,163,0
12905,2,160,0
12906,3,164,0
12908,3,161,0
12909,4,163,0
12910,4,163,0
12915,3,156,4
12917,3,140,20
12922,3,158,2
12923,2,140,0
12924,4,184,0
12925,2,180,0
12926,2,180,0
12935,3,168,0
13416,2,160,0
13420,2,134,46
13421,2,160,0
13423,2,160,0
13424,2,160,0
13427,2,180,0
13429,2,160,20
13440,2,169,11
13451,2,160,0
13461,2,160,0
13465,2,160,0
13472,2,160,0
13477,2,120,60
13479,2,160,0
13482,2,180,0
13495,2,160,0
13497,2,180,0
13499,2,180,0
13503,2,160,0
13504,2,116,44
13508,2,160,0
13511,2,160,0
13512,4,176,4
13513,2,160,0
13519,2,180,0
13524,2,180,0
13526,2,129,51
13527,3,151,9
13533,2,180,0
13537,2,160,0
13541,2,116,44
13545,2,160,0
13546,4,182,0
13548,4,150,0
13550,2,160,0
13554,2,180,0
13564,2,180,0
13565,2,160,0
13566,2,160,0
13568,2,180,0
13599,2,160,0
13602,3,164,0
13609,2,160,0
13613,2,180,0
13617,2,180,0
13618,2,160,0
13621,2,160,0
13624,0,0,160
13639,2,180,0
13642,2,160,0
13650,2,160,0
13662,2,160,0
13663,2,160,0
13665,2,133,47
13668,2,160,0
13669,2,96,84
13672,2,160,0
13678,2,180,0
13689,2,180,0
13691,2,180,0
13697,2,180,0
13699,2,162,18
13701,2,160,0
13802,2,180,0
13808,1,50,50
13812,2,160,0
13816,2,173,7
13822,2,160,0
13825,3,175,5
13827,2,180,0
13828,2,160,0
13829,0,0,180
13831,2,160,0
13832,2,160,0
13833,3,124,56
13834,2,180,0
13837,3,183,0
13849,2,160,0
13853,3,129,51
13859,2,160,0
13862,2,160,0
13863,2,180,0
13870,2,160,0
13885,0,0,160
13889,3,127,33
13895,3,132,28
14135,3,137,43
14143,0,0,180
14144,0,0,160
14149,0,0,160
14150,0,0,160
14155,0,0,180
14164,0,0,160
14170,0,0,160
14173,0,0,160
14177,0,0,160
14182,0,0,160
14196,3,155,5
14218,0,0,160
14221,0,0,180
14242,0,0,160
14250,0,0,160
14256,0,0,160
14262,0,0,160
14276,0,0,180
14335,0,0,160
14339,0,0,160
14340,0,0,160
14343,0,0,160
14344,0,0,160
14348,0,0,160
14361,0,0,160
14391,0,0,160
14448,0,0,160
14477,0,0,180
15000,2,140,0
15002,3,158,2
15005,3,150,10
15008,0,0,180
15011,2,140,0
15014,2,117,63
15016,2,160,0
15019,2,180,0
15028,2,128,52
15030,2,132,48
15034,2,124,36
15035,2,160,0
15037,2,180,0
15041,2,180,0
15042,4,147,33
15044,2,180,0
15050,3,145,15
15052,3,153,0
15053,2,109,51
15054,2,180,0
15055,4,182,0
15059,2,180,0
15060,4,156,4
15061,4,144,36
15064,2,160,0
15066,2,125,0
15067,2,137,23
15068,1,50,50
15069,3,142,0
15070,2,180,0
15071,1,44,76
15073,2,180,0
15074,3,151,29
15078,3,164,0
15083,3,162,18
15084,2,160,0
15085,4,166,0
15086,3,129,31
15087,3,149,11
15088,2,140,0
15089,3,158,2
15091,2,180,0
15092,2,126,54
15093,2,160,0
15096,3,121,39
15097,2,180,0
15098,2,126,54
15099,2,160,0
15100,2,160,0
15102,2,160,0
15103,2,151,9
15104,4,168,0
15105,4,163,17
15111,4,184,0
15112,3,138,22
15113,2,115,25
15114,2,160,0
15115,2,142,18
15117,4,181,0
15118,2,160,0
15120,2,160,0
15121,4,182,0
15122,4,144,16
15123,3,152,8
15124,3,182,0
15125,2,160,0
15127,2,116,44
15137,2,160,0
15139,4,169,0
15140,2,160,0
15141,2,143,0
15142,3,154,6
15143,3,156,24
15145,3,182,0
15148,2,160,0
15149,3,151,9
15151,2,140,0
15152,4,179,0
15153,2,160,0
15156,2,160,0
15159,2,160,0
15160,1,50,50
15163,3,182,0
15164,2,160,0
15165,4,181,0
15166,3,182,0
15168,3,151,29
15172,3,129,31
15173,3,137,23
15174,2,75,105
15175,4,144,0
15176,3,145,0
15177,2,139,41
15179,3,108,72
15181,2,160,0
15183,2,125,15
15184,2,160,0
15185,3,151,9
15186,3,132,8
15187,2,154,6
15190,2,151,9
15191,2,160,0
15192,2,160,0
15194,4,182,0
15195,3,145,15
15196,2,180,0
15197,2,160,0
15198,2,120,0
15199,3,149,11
15200,2,160,0
15202,4,172,0
15203,2,160,0
15204,4,181,0
15205,4,163,0
15206,3,172,0
15208,4,184,0
15209,3,184,0
15210,2,140,0
15211,3,161,0
15212,4,182,0
15213,3,145,0
15214,2,160,0
15215,4,181,0
15216,2,139,0
15217,3,143,17
15218,3,154,6
15219,2,115,45
15222,2,160,0
15223,0,0,160
15224,2,160,0
15225,4,147,13
15226,3,146,14
15227,2,137,23
15228,2,160,0
15229,4,182,0
15230,4,181,0
15231,2,160,0
15232,2,160,0
15233,2,180,0
15300,2,156,4
15301,2,96,84
15303,2,160,0
15304,3,143,37
15305,0,0,180
15306,2,160,0
15307,2,180,0
15309,2,160,0
15310,2,180,0
15311,2,180,0
15313,2,149,11
15314,3,151,0
15315,2,145,15
15316,2,160,0
15317,1,55,65
15318,2,160,0
15319,2,160,0
15320,2,160,0
15321,2,160,0
15323,3,140,40
15324,2,109,51
15325,3,156,4
15326,3,119,0
15327,1,60,60
15329,2,160,0
15330,0,0,180
15333,4,168,0
15334,2,160,0
15336,2,160,0
15337,2,160,0
15338,3,129,0
15339,2,160,0
15340,2,160,0
15341,4,184,0
15343,2,180,0
15344,2,128,32
15345,2,160,0
15347,2,180,0
15348,1,60,60
15349,3,153,7
15350,2,122,38
15353,2,112,68
15355,2,180,0
15356,2,160,0
15357,0,0,180
15359,2,160,0
15360,3,151,0
15361,2,140,0
15362,2,160,0
15363,2,160,0
15364,2,160,0
15365,2,140,0
15366,2,180,0
15367,3,152,8
33050,0,0,160
33057,0,0,160
33072,0,0,160
33333,0,0,160
33334,0,0,180
33338,0,0,160
33375,0,0,160
33377,0,0,160
33594,0,0,160
33717,3,143,37
33761,0,0,160
33951,0,0,160
34830,2,160,0
47291,4,182,0
47709,3,183,0
48873,0,0,160
55294,0,0,160
85006,3,182,0
85017,2,160,0
85142,3,127,13
85143,3,133,27
85149,3,148,12
85157,4,144,16
85158,2,160,0
85159,2,109,51
85160,3,161,0
85161,2,160,0
85192,2,146,0
85193,4,169,0
85194,2,115,5
85195,4,176,0
85196,3,127,33
85197,2,160,0
85198,2,160,0
85199,2,160,0
85201,2,160,0
85203,2,146,14
85204,3,138,0
85205,2,160,0
85225,2,160,0
85305,4,178,0
85317,3,182,0
85321,2,160,0
85327,3,130,30
85345,3,149,11
85346,2,149,11
85348,3,127,0
85352,2,117,3
85369,2,160,0
85370,2,160,0
85371,3,124,36
85372,3,150,10
85373,2,110,50
85375,1,60,60
85376,2,160,0
85396,3,135,0
85408,2,160,0
85410,4,168,0
85417,3,137,23
85418,3,153,7
85431,2,180,0
85433,3,148,12
85434,3,125,0
85435,2,130,50
85436,3,145,0
85438,2,160,0
85439,2,134,46
85452,2,180,0
85453,2,180,0
85461,2,160,0
85462,0,0,160
85472,2,160,0
85502,2,180,0
85519,0,0,180
85558,2,119,41
85560,3,161,0
85581,2,120,0
85582,3,119,1
85583,4,177,0
85584,3,145,15
85586,4,153,0
85588,3,145,0
85589,3,141,19
85590,3,145,0
85591,2,96,24
85592,1,60,60
85617,4,182,0
85632,2,160,0
85634,4,184,0
85635,4,171,0
85637,2,128,32
86196,2,160,0
86197,2,135,25
86201,2,160,0
86202,2,160,0
86203,2,160,0
86204,2,180,0
86205,2,160,0
86206,2,160,0
86207,2,160,0
86208,2,180,0
86209,2,160,0
86212,2,180,0
86213,2,160,0
86214,2,160,0
86215,2,180,0
86216,2,160,0
86217,2,180,0
86218,2,160,0
86219,2,180,0
86221,3,178,2
86223,2,160,0
86368,2,140,0
86375,4,153,7
86395,2,160,0
86411,2,160,0
86416,3,171,0
86424,1,60,60
86439,3,151,0
86440,2,99,1
86452,2,160,0
86456,3,154,6
86460,3,164,0
86461,2,160,0
86470,4,166,14
86473,2,160,0
86474,0,0,180
86480,2,93,27
86481,1,60,60
86484,3,180,0
86486,2,160,0
86498,4,163,0
86512,2,160,0
86514,3,114,6
86517,4,144,0
86520,2,160,0
86524,2,160,0
86530,3,153,0
86531,2,160,0
86574,4,169,11
86617,1,47,73
86628,3,130,50
86646,2,160,0
86661,4,174,0
86662,2,119,41
86723,2,160,0
86751,1,60,60
86757,2,160,0
86766,3,127,33
86782,3,182,0
86784,2,160,0
86785,4,181,0
86786,2,180,0
86787,3,166,0
86791,4,182,0
86819,2,160,0
86824,2,160,0
86825,4,163,0
86826,3,155,5
86828,3,153,7
86830,3,108,72
86831,2,160,0
86848,3,166,0
86850,2,155,5
86896,2,160,0
86897,1,60,60
86926,3,158,2
86927,3,167,0
86929,2,128,32
86942,3,166,0
86968,2,109,51
86969,2,160,0
86987,0,0,180
86988,2,109,51
86989,4,161,0
87002,3,117,43
87004,3,114,46
87022,2,160,0
87025,4,181,0
87026,3,183,0
87029,3,151,29
87030,2,180,0
87038,3,181,0
87076,0,0,180
87086,3,183,0
87087,2,160,0
87088,1,60,60
87160,2,160,0
87161,3,161,19
87237,2,160,0
87255,4,184,0
87260,2,180,0
87291,2,180,0
87295,2,160,0
87298,3,145,15
87301,3,161,0
87303,2,107,53
87451,3,166,0
87452,3,155,5
87457,2,180,0
87508,2,160,0
87511,2,129,51
87513,2,180,0
87564,2,160,0
87567,2,180,0
87608,2,180,0
87609,3,165,0
87620,4,182,0
87655,3,146,34
87658,2,160,0
87691,3,154,26
87692,2,180,0
87694,3,182,0
87706,3,149,31
87707,4,166,14
87709,2,109,51
87711,3,156,4
87713,2,160,0
87716,2,160,0
87717,2,112,48
87718,4,182,0
87721,3,167,0
87730,2,160,0
87733,2,160,0
87734,2,160,0
87735,2,160,0
87736,2,160,0
87737,4,182,0
87738,3,171,0
87740,2,117,63
87745,3,164,0
87747,3,171,0
87752,3,141,19
87753,2,160,0
87755,2,160,0
87758,3,184,0
87764,2,180,0
87765,2,126,34
87766,2,160,0
87767,2,160,0
87774,3,182,0
87785,2,149,11
87787,2,120,40
87795,3,153,0
87796,2,160,0
87806,4,181,0
87812,2,160,0
87816,2,180,0
87817,3,157,3
87818,3,171,0
87819,4,181,0
87832,2,160,0
87834,4,163,0
87835,4,182,0
87860,2,160,0
87874,2,163,17
87885,3,169,0
87893,2,160,0
87894,2,109,51
87895,4,155,5
87896,4,155,5
87897,2,160,0
87902,3,155,5
87934,2,180,0
87945,2,160,0
87949,2,180,0
88006,2,160,0
88018,2,160,0
88030,4,161,0
88057,4,144,16
88086,3,168,0
88094,4,144,36
88095,2,180,0
88185,2,180,0
88236,2,180,0
88237,2,180,0
88281,3,146,14
88282,2,107,73
88295,2,122,18
88297,2,180,0
88298,2,180,0
88299,3,127,53
88303,2,180,0
88399,2,180,0
88400,2,160,0
88434,2,160,0
88502,4,184,0
88546,2,160,0
88575,2,180,0
88620,2,180,0
88704,2,180,0
88789,3,135,5
88792,4,182,0
88819,2,104,56
88842,2,160,0
88844,2,160,0
88845,2,128,32
88846,3,137,23
88875,2,137,23
88876,2,160,0
88879,4,182,0
88898,3,148,12
88901,2,160,0
88903,2,160,0
88937,2,160,0
89129,3,129,51
89130,0,0,160
89433,3,179,0
89509,0,0,160
89549,3,182,0
89568,2,180,0
89615,2,160,0
89617,2,160,0
89620,2,109,51
89622,2,160,0
89623,2,160,0
89627,2,149,0
90389,3,164,0
90429,2,160,0
90451,2,160,0
90469,3,114,66
90502,2,139,21
90503,3,159,21
90513,4,163,0
90538,2,105,75
90582,4,150,10
90628,2,146,34
90657,2,160,0
90673,3,145,15
90711,2,180,0
90712,2,180,0
90713,2,180,0
90737,2,180,0
90740,2,180,0
90748,2,180,0
90751,2,160,0
90758,1,60,60
90769,3,162,18
90778,2,180,0
90787,2,112,8
90826,2,180,0
90903,2,180,0
90962,2,180,0
90966,2,172,8
91078,2,180,0
91083,2,160,0
91157,2,180,0
91172,2,180,0
91175,3,182,0
91245,2,180,0
91277,2,180,0
91286,2,146,34
91320,2,180,0
91345,3,145,35
91364,3,182,0
91425,2,180,0
91427,3,155,5
91429,2,154,6
91475,2,180,0
91566,2,180,0
91567,4,153,27
91568,3,145,35
91569,2,180,0
91572,3,135,25
91573,3,158,2
91602,2,180,0
91645,2,180,0
91708,4,180,0
91826,2,160,0
91827,2,160,0
91829,2,160,0
91833,2,112,48
91835,2,160,0
91836,3,114,26
91837,4,181,0
91871,3,152,8
91872,2,160,0
91874,4,182,0
91875,2,135,25
91881,3,120,40
91899,0,0,160
91901,2,160,0
91902,2,160,0
91946,2,160,0
92155,2,160,0
92158,2,112,48
92164,2,160,0
92165,3,127,33
92166,2,160,0
92167,2,160,0
92170,2,160,0
92171,2,160,0
92175,2,160,0
92177,3,127,33
92180,2,109,51
92181,3,171,0
92183,4,153,7
92184,3,127,33
92191,2,160,0
92194,2,140,0
92195,4,179,0
92262,2,160,0
92288,2,160,0
92312,2,160,0
92433,2,180,0
92476,3,152,28
92477,3,155,5
92479,2,160,0
92480,4,166,0
92485,2,180,0
92490,2,160,0
92494,2,180,0
92502,2,160,0
92504,2,160,0
92519,2,160,0
92520,2,180,0
92524,3,181,0
92525,3,164,0
92531,2,160,0
92536,4,144,36
92539,2,146,14
92553,4,150,10
92698,2,174,6
92719,2,164,16
92726,3,155,5
92731,2,160,0
92803,2,180,0
92884,3,158,22
92887,3,140,20
92888,2,180,0
92948,2,180,0
92953,2,117,63
92954,2,180,0
92976,2,180,0
93026,3,177,3
93059,2,180,0
93063,2,180,0
93112,2,160,0
93149,2,129,51
93173,3,152,8
93180,2,160,0
93187,4,182,0
93201,2,180,0
93208,2,180,0
93236,2,160,0
93250,3,124,36
93251,3,182,0
93271,3,135,25
93280,2,160,0
93281,2,180,0
93282,2,116,44
93284,3,167,13
93285,2,180,0
93289,2,160,0
93290,2,180,0
93293,2,180,0
93305,3,127,33
93325,2,180,0
93332,3,162,18
93401,2,159,21
93402,2,160,0
93405,3,135,45
93410,2,160,0
93442,3,184,0
93451,3,173,7
93457,3,120,40
93499,4,155,5
93576,2,180,0
93607,2,180,0
93614,2,115,45
93615,4,181,0
93621,3,175,5
93622,4,182,0
93623,2,180,0
93625,3,148,12
93627,2,160,0
93628,2,160,0
93629,3,145,35
93630,3,146,14
93679,3,174,0
93891,3,176,0
93898,3,127,33
93900,4,182,0
93903,4,144,36
93905,2,160,0
93911,3,143,17
93940,3,111,49
93982,2,180,0
93988,2,180,0
94032,3,124,36
94034,2,180,0
94036,2,147,33
94045,4,144,36
94050,2,142,38
94117,4,155,5
94141,3,150,10
94145,2,180,0
94148,3,148,12
94149,2,180,0
94150,2,109,71
94151,2,160,0
94152,3,127,33
94153,3,165,15
94157,2,160,0
94165,2,180,0
94191,3,114,66
94206,2,180,0
94207,2,160,0
94208,2,160,0
94334,3,145,15
94336,2,160,0
94337,2,146,34
94338,2,120,0
94340,2,180,0
94354,3,176,0
94355,2,180,0
94356,4,144,36
94357,4,163,0
94358,2,180,0
94359,4,163,17
94360,2,109,71
94364,2,180,0
94433,3,151,29
94435,2,180,0
94470,3,147,33
94498,3,156,24
94512,2,180,0
94514,4,184,0
94616,4,166,14
94618,3,162,18
94730,2,180,0
94731,2,160,0
94736,4,181,0
94739,2,180,0
94740,2,160,0
94748,2,133,27
94749,2,138,42
94751,2,160,0
94765,2,180,0
94766,3,151,9
94793,2,180,0
94796,2,180,0
94884,2,135,25
94886,2,160,0
94896,2,160,0
94897,3,148,12
94898,2,160,0
94899,4,182,0
94900,3,159,1
94901,4,150,10
94909,2,180,0
94943,2,160,0
94944,2,154,26
94945,2,180,0
94947,3,119,61
94948,3,148,12
94950,2,160,0
94976,2,180,0
94978,4,163,0
95017,2,180,0
95018,2,129,51
95019,3,140,20
95020,3,151,9
95021,3,133,27
95032,4,182,0
95054,3,130,50
95070,2,180,0
95103,2,72,88
95185,2,160,0
95186,2,160,0
95187,2,180,0
95188,3,177,0
95189,3,158,2
95190,2,160,0
95191,3,152,8
95192,2,126,54
95193,2,160,0
95194,4,152,8
95225,2,145,35
95226,2,180,0
95311,2,160,0
95315,4,182,0
95318,3,111,69
95400,2,180,0
95404,2,160,0
95422,2,160,0
95423,2,180,0
95425,2,151,9
95426,2,109,51
95427,4,163,17
95430,2,160,0
95431,3,182,0
95433,2,180,0
95434,4,182,0
95437,2,160,0
95438,2,115,45
95440,2,160,0
95442,2,180,0
95535,3,145,35
95540,2,180,0
95632,2,180,0
95659,2,180,0
95743,2,180,0
95744,3,127,53
95745,2,160,0
95746,3,154,6
95747,2,160,0
95749,2,180,0
95750,2,160,0
95751,2,160,0
95752,3,150,10
95753,2,160,0
95755,4,184,0
95780,2,180,0
95783,3,127,53
95784,4,163,0
95785,2,180,0
95786,2,115,5
95803,2,160,0
95813,2,180,0
95814,4,181,0
95846,2,180,0
95847,2,160,0
95861,4,144,16
95997,4,163,0
96052,2,160,0
96054,3,114,46
96055,3,108,52
96126,4,150,10
96153,3,135,25
96236,2,78,102
96243,4,144,36
96249,3,111,69
96250,4,169,11
96262,2,145,35
96276,3,130,50
96308,2,180,0
96309,2,180,0
96311,2,180,0
96323,2,180,0
96337,3,132,48
96343,2,160,0
96348,2,160,0
96350,2,160,0
96357,4,166,14
96360,2,101,19
96361,1,36,84
96362,2,160,0
96364,4,153,7
96365,1,60,60
96366,2,160,0
96367,3,148,12
96368,2,160,0
96380,2,180,0
96387,3,164,0
96403,3,154,6
96404,3,164,0
96406,1,36,124
96441,2,160,0
96463,3,117,3
96464,2,85,35
96468,1,60,60
96469,3,151,9
96470,4,181,0
96471,2,160,0
96501,2,160,0
96502,3,182,0
96510,2,160,0
96512,4,147,13
96579,2,180,0
96581,3,148,12
96582,2,160,0
96583,0,0,160
96595,3,148,12
96596,4,182,0
96605,2,160,0
96606,4,163,0
96617,4,147,13
96618,4,181,0
96620,2,146,0
96621,1,60,60
96622,3,167,13
96623,1,51,69
96625,2,160,0
96630,4,181,0
96654,2,160,0
96656,4,184,0
96657,4,181,0
96677,2,160,0
96720,2,129,31
96745,2,146,34
96747,2,160,0
96751,2,180,0
96776,4,152,8
96801,4,165,15
96803,2,160,0
96804,3,132,0
96806,3,182,0
96813,3,135,25
96814,2,160,0
96834,3,145,15
96968,3,127,0
97017,2,160,0
97043,2,94,26
97097,2,72,48
97098,1,60,60
97099,3,143,0
97100,1,60,60
97111,3,135,45
97152,2,86,34
97153,3,108,12
97154,3,146,0
97157,3,111,69
97177,2,109,11
97186,1,36,84
97203,2,180,0
97211,2,160,0
97214,1,60,60
97239,4,166,0
97240,3,127,0
97242,2,178,2
97244,1,60,60
97250,2,93,27
97252,4,163,17
97259,3,124,36
97260,2,153,7
97262,1,73,47
97264,2,160,0
97265,2,93,27
97268,3,143,17
97269,2,160,0
97270,3,137,23
97278,4,182,0
97279,1,60,60
97300,3,127,0
97377,3,158,0
97378,2,85,35
97446,2,93,27
97447,3,108,12
97448,2,145,15
97449,3,171,0
97451,2,112,48
97452,2,180,0
97456,2,180,0
97457,3,162,18
97467,3,141,0
97468,4,169,0
97471,2,160,0
97488,2,160,0
97550,2,160,0
97551,2,160,0
97552,2,109,11
97553,2,91,29
97554,3,132,28
97555,2,160,0
97556,1,60,60
97557,3,127,0
97559,2,160,0
97561,2,160,0
97562,1,60,60
97607,2,119,41
97728,2,124,36
97752,3,140,40
97753,4,164,16
97759,3,117,63
97760,2,180,0
97761,2,180,0
97762,3,108,72
97766,2,180,0
97784,4,182,0
97785,4,184,0
97787,3,168,12
97791,1,55,65
97792,4,152,28
97795,3,151,29
97814,2,180,0
97830,2,180,0
97831,2,101,79
97832,3,124,36
97851,2,160,0
97854,3,135,0
97856,3,127,0
97892,2,180,0
97893,4,180,0
97894,2,160,0
97896,2,160,0
97898,1,36,84
97899,1,60,60
97900,2,78,42
97901,2,119,41
97902,2,91,29
97917,1,36,84
97919,4,165,15
97921,2,160,0
97931,2,180,0
97934,0,0,160
97945,3,181,0
97947,2,180,0
97948,4,163,17
97952,3,130,30
97988,2,180,0
97990,2,160,0
98080,2,99,21
98104,2,101,79
98105,4,144,36
98116,4,165,15
98117,2,180,0
98118,4,147,33
98119,2,78,22
98120,3,153,0
98190,2,110,10
98191,2,160,0
98192,2,78,42
98193,3,138,0
98195,3,164,0
98196,2,160,0
98197,1,60,60
98198,2,180,0
98199,2,160,0
98200,2,180,0
98211,3,164,0
98246,4,155,25
98255,3,148,0
98286,4,181,0
98314,4,150,30
98338,4,160,0
98373,2,180,0
98476,4,182,0
98571,1,52,68
98586,1,60,60
98612,2,72,48
98614,2,78,42
98675,2,180,0
98676,3,108,52
98700,2,119,41
98757,4,153,7
98758,4,163,0
98779,2,180,0
98780,1,36,144
98786,3,143,0
98826,2,180,0
98827,2,180,0
98828,4,182,0
98896,3,111,69
98929,2,72,108
98930,2,180,0
98955,3,182,0
98969,2,180,0
98973,3,122,0
98975,2,75,45
99022,2,116,44
99023,3,140,40
99083,2,180,0
99085,3,132,0
99086,3,176,0
99088,2,160,0
99089,1,60,60
99090,4,168,12
99091,4,163,17
99092,3,152,8
99093,3,146,14
99094,3,130,0
99095,1,63,57
99096,2,168,12
99097,2,180,0
99119,2,180,0
99133,2,180,0
99165,3,176,0
99178,3,127,0
99188,4,155,25
99209,0,0,160
99365,1,57,63
99382,2,180,0
99383,2,160,0
99414,3,182,0
99416,3,111,69
99422,2,142,38
99428,4,181,0
99445,2,160,0
99446,2,119,41
99450,2,160,0
99452,3,130,30
99453,2,160,0
99454,2,160,0
99455,4,171,0
99473,4,163,0
99474,4,181,0
99480,2,160,0
99486,3,127,33
99547,2,180,0
99559,2,135,25
99568,2,180,0
99569,3,135,25
99581,3,146,14
99599,2,137,23
99600,2,160,0
99602,3,119,1
99618,2,137,43
99651,2,160,0
99652,2,160,0
99653,3,148,12
99654,2,153,7
99655,2,145,15
99656,4,169,11
99657,3,165,15
99658,4,181,0
99659,4,144,0
99671,2,160,0
99673,3,129,31
99674,4,171,0
99675,2,180,0
99686,3,146,34
99702,2,160,0
99704,3,133,0
99706,4,166,0
99730,4,147,13
99731,2,180,0
99739,1,60,60
99740,3,108,72
99742,1,60,60
99779,4,144,36
99800,2,180,0
99848,3,146,14
99914,2,160,20
99923,3,162,18
99925,2,143,17
99926,2,180,0
99927,2,160,0
99928,1,36,124
99929,2,160,0
99930,3,151,9
99943,3,111,9
99948,2,180,0
99949,3,127,53
99950,2,160,0
99977,3,108,72
99978,3,164,16
99979,4,181,0
99999,0,0,160
100000,2,160,0
100033,3,129,0
100035,3,145,0
100036,4,163,0
100038,2,160,0
100053,4,144,0
100071,2,160,0
100073,4,182,0
100074,2,180,0
100075,2,160,0
100076,3,169,0
100113,2,180,0
100129,3,183,0
100156,2,160,0
100159,3,108,72
100162,2,160,0
100168,2,180,0
100170,2,180,0
100172,2,180,0
100173,2,180,0
100174,2,180,0
100176,2,160,0
100213,4,166,0
100271,2,160,0
100300,4,163,0
100311,3,145,0
100332,1,60,60
100335,3,180,0
100338,2,72,108
100339,4,182,0
100340,2,149,0
100342,2,160,0
100343,2,160,0
100344,3,135,25
100345,2,160,0
100352,2,180,0
100354,3,154,0
100355,2,160,0
100360,2,160,0
100361,3,122,38
100362,2,180,0
100363,2,160,0
100365,2,119,41
100377,3,162,18
100382,2,180,0
100525,4,176,4
100542,4,168,12
100556,2,180,0
100581,2,180,0
100583,3,165,15
100586,3,127,0
100598,2,160,0
100599,2,109,71
100600,4,168,0
100624,2,140,0
100626,2,72,48
100628,2,142,38
100632,3,149,0
100663,2,180,0
100666,3,130,0
100672,2,133,27
100676,2,180,0
100678,2,160,0
100680,3,148,12
100682,4,182,0
100688,2,116,44
100714,3,150,0
100722,2,180,0
100745,1,60,60
100746,4,157,0
100748,4,156,0
100755,4,158,0
100756,2,81,39
100757,4,158,0
100760,4,182,0
100762,2,137,23
100767,2,109,11
100775,4,179,0
100783,4,171,0
100784,4,144,0
100816,4,150,10
100817,2,160,0
100825,2,119,41
100828,2,160,0
100901,2,180,0
100913,2,153,7
100963,2,109,71
100967,4,144,0
100971,2,180,0
100975,2,160,0
100976,3,151,9
100980,3,165,0
101014,3,108,72
101019,3,171,0
101021,2,127,33
101022,0,0,160
101037,2,180,0
101039,3,156,4
101040,4,163,0
101043,2,160,0
101044,2,160,0
101051,3,156,0
101090,3,164,0
101103,3,114,6
101105,3,150,0
101107,2,160,0
101108,2,160,0
101109,4,184,0
101110,2,160,0
101113,2,160,0
101180,4,144,36
101185,2,160,0
101311,2,135,25
101312,2,160,0
101314,2,116,44
101421,3,146,34
101426,2,129,51
101428,2,180,0
101429,2,160,0
101431,2,160,0
101432,2,160,0
101438,0,0,160
101439,3,117,63
101440,2,160,0
101441,2,160,0
101442,4,184,0
101443,2,119,41
101448,4,179,0
101449,2,180,0
101526,3,130,30
101643,3,127,53
101644,2,160,0
101646,0,0,180
101647,2,91,89
101649,0,0,180
101650,4,144,16
101651,2,160,0
101652,3,111,49
101653,3,120,60
101654,2,91,89
101655,2,160,0
101833,2,109,71
101879,2,180,0
101880,2,180,0
101885,0,0,180
101897,2,180,0
101905,2,147,33
101909,2,109,71
101910,4,181,0
101911,3,127,53
101917,2,180,0
101938,2,127,33
101939,0,0,180
101940,0,0,160
101941,0,0,160
101942,3,155,5
101946,2,160,0
101974,4,181,0
101977,3,163,0
101978,4,144,36
101979,3,151,9
101981,3,176,0
101985,2,160,0
102014,2,160,0
102062,2,180,0
102063,4,181,0
102064,2,180,0
102125,2,160,0
102194,2,83,97
102196,0,0,160
102197,2,140,0
102198,2,180,0
102199,2,160,0
102200,2,160,0
102201,2,160,0
102203,0,0,180
102204,2,112,48
102205,3,166,0
102206,4,164,0
102207,2,160,0
102208,2,160,0
102221,0,0,180
102355,0,0,180
102360,0,0,160
102363,0,0,160
102364,0,0,160
102366,0,0,160
102367,0,0,160
102371,0,0,160
102373,0,0,160
102383,4,184,0
102396,2,160,0
102443,2,180,0
102477,0,0,180
102480,0,0,160
102482,0,0,160
102483,4,160,0
102484,0,0,160
102486,0,0,160
102493,0,0,160
102520,3,182,0
102538,0,0,160
102539,2,180,0
102576,2,126,54
102670,0,0,160
102697,1,55,105
102700,0,0,160
102739,0,0,160
102740,2,78,82
102741,0,0,160
102742,0,0,180
102743,1,36,124
102744,0,0,160
102745,0,0,160
102746,0,0,160
102747,2,72,88
102748,0,0,160
102749,3,108,52
102750,0,0,160
102751,0,0,160
102779,0,0,160
102780,0,0,160
102781,0,0,160
102784,0,0,160
102795,0,0,160
102812,3,156,24
102832,4,181,0
102837,4,163,0
102848,3,145,15
102858,3,171,0
102897,3,171,0
102900,0,0,160
102901,0,0,160
102902,0,0,160
102903,0,0,160
102910,0,0,160
102911,0,0,160
102912,0,0,160
102913,0,0,160
102936,0,0,160
102937,0,0,160
102938,0,0,160
102939,0,0,160
102941,0,0,160
102996,0,0,160
102997,0,0,160
102998,1,36,124
103000,0,0,160
103001,0,0,160
103002,0,0,160
103033,0,0,160
103034,0,0,160
103035,0,0,160
103036,0,0,160
103037,0,0,160
103038,0,0,160
103051,0,0,160
103052,0,0,160
103053,0,0,160
103054,1,42,118
103136,0,0,160
103137,0,0,160
103138,0,0,160
103143,0,0,160
103145,1,39,121
103152,0,0,160
103155,0,0,160
103159,0,0,160
103160,0,0,160
103165,3,127,53
103167,3,111,49
103168,0,0,160
103169,0,0,160
103194,2,180,0
103243,2,180,0
103317,2,180,0
103382,2,180,0
103432,3,151,9
103454,0,0,160
103455,0,0,160
103456,0,0,160
103457,0,0,160
103458,0,0,160
103459,0,0,160
103460,0,0,160
103461,0,0,160
103462,0,0,160
103465,0,0,160
103466,0,0,160
103467,0,0,160
103531,3,141,39
103592,2,153,27
103630,4,171,9
103641,0,0,160
103642,0,0,160
103643,0,0,160
103644,0,0,160
103645,0,0,160
103646,0,0,160
103647,0,0,160
103649,0,0,160
103650,0,0,160
103651,0,0,160
103652,0,0,160
103659,0,0,160
103660,0,0,160
103661,0,0,160
103663,0,0,160
103665,0,0,160
104088,0,0,160
104126,1,76,44
104202,0,0,160
104205,0,0,160
104207,0,0,160
104208,0,0,160
104209,0,0,160
104214,0,0,160
104215,0,0,160
104239,3,132,48
104303,0,0,180
104304,3,151,9
104305,1,57,103
104306,0,0,160
104307,0,0,160
104308,0,0,160
104310,2,140,0
104316,0,0,160
104317,0,0,160
104318,0,0,160
104319,0,0,160
104321,0,0,160
104363,0,0,160
104364,0,0,160
104365,0,0,160
104366,0,0,160
104370,0,0,160
104372,0,0,160
104373,0,0,160
104408,0,0,160
104411,0,0,160
104511,4,144,0
104523,0,0,160
104561,2,180,0
104629,0,0,160
104632,0,0,160
104633,0,0,160
104635,0,0,160
104638,0,0,160
104640,0,0,160
104641,0,0,160
104642,0,0,160
